Error,GradientNorm
0.960261086313341,-1
0.815358048569691,-1
0.722117404472294,-1
0.649783409916041,-1
0.601675708889975,-1
0.575721019317656,-1
0.565119983659937,-1
0.561257941822883,-1
0.559826470437937,-1
0.559256188176852,-1
0.559009154215682,-1
0.558893821581125,-1
0.558836676171038,-1
0.558807050807339,-1
0.558791144431968,-1
0.558782354250794,-1
0.558777371437548,-1
0.558774479039709,-1
0.558772761403622,-1
0.558771718757914,-1
0.558771072470396,-1
0.558770663965242,-1
