Error,GradientNorm
0.22743402082338,-1
0.0244988705670247,-1
0.00865076529977002,-1
0.00835730341599456,-1
0.00834797503592711,-1
0.00834710071782821,-1
0.00834699759129713,-1
0.0083469851673127,-1
0.00834698366801687,-1
