Error,GradientNorm
0.835917985566559,-1
0.221844906266105,-1
0.14262952613898,-1
0.107700072286437,-1
0.0943546669654306,-1
0.0851984103929906,-1
0.075212779829726,-1
0.0660393983171472,-1
0.0602839709382397,-1
0.057601161240661,-1
0.0565352294759511,-1
0.056139910399069,-1
0.0559971268424843,-1
0.0559460503734914,-1
0.0559278420598197,-1
0.0559213588347896,-1
0.0559190514107194,-1
0.0559182303046936,-1
0.0559179381258575,-1
0.0559178341600235,-1
0.0559177971661368,-1
