Error,GradientNorm
0.478386097679409,-1
0.222556609231642,-1
0.133872379256085,-1
0.102083303593825,-1
0.0927534971644151,-1
0.0904561700942666,-1
0.0898375543025383,-1
0.0896537709278047,-1
0.0895960142857408,-1
0.0895773547281183,-1
0.0895712456403391,-1
0.0895692323672898,-1
0.089568566640497,-1
0.0895683461058014,-1
0.0895682729756572,-1
