Error,GradientNorm
0.497526704457699,-1
0.00986596404981611,-1
0.00249901737599813,-1
0.00164162709645419,-1
0.00117821169706891,-1
0.00106444218908961,-1
0.00104476760739873,-1
0.0010416112246393,-1
0.00104110991737729,-1
0.00104103034911478,-1
0.00104101771725285,-1
0.00104101571161415,-1
0.00104101539314964,-1
