Error,GradientNorm
0.80292015004247,-1
0.000823248411235025,-1
0.00020435111123035,-1
0.000204324897631344,-1
0.000204324895319218,-1
