Error,GradientNorm
0.858519163045525,-1
0.808665772845066,-1
0.797615353009083,-1
0.782913559879456,-1
0.7570660580519,-1
0.726570846068371,-1
0.704659118033853,-1
0.693751052060975,-1
0.689181246445952,-1
0.68733566520591,-1
0.68656502579254,-1
0.686222005521232,-1
0.686058100336834,-1
0.68597464069694,-1
0.685929974191601,-1
0.685905201071491,-1
0.685891123792703,-1
0.685882994338033,-1
0.68587824920776,-1
0.685875459569171,-1
0.685873811507356,-1
0.685872834536076,-1
0.685872253977524,-1
