Error,GradientNorm
0.0540676366506268,-1
0.0101350175285457,-1
0.00184287704678668,-1
0.00129902769512993,-1
0.00094811054304775,-1
0.000814042161663239,-1
0.000782194724207816,-1
0.000775615051711962,-1
0.000774266108396743,-1
0.00077398160607984,-1
0.000773919093418203,-1
0.000773904686456616,-1
0.000773901193987097,-1
0.000773900304830171,-1
0.000773900068393391,-1
