Error,GradientNorm
0.791757087857506,-1
0.0105614867498106,-1
0.000262422542991168,-1
0.000120150162342091,-1
0.000111856472473012,-1
0.00011031354196431,-1
0.000110039622537518,-1
0.000109991596061944,-1
0.000109983194311506,-1
0.000109981725084197,-1
0.000109981468175703,-1
0.00010998142325334,-1
