Error,GradientNorm
0.759488008135173,-1
0.0157149244848629,-1
0.00116822380562702,-1
0.00109917270064185,-1
0.00109891494553609,-1
0.00109891383094365,-1
0.00109891382607336,-1
