Error,GradientNorm
0.790215022133203,-1
0.251621203397235,-1
0.151041978113447,-1
0.115494244902615,-1
0.104726858408267,-1
0.101351818385359,-1
0.100225580089395,-1
0.0998295969540899,-1
0.0996849565056085,-1
0.0996305089108025,-1
0.0996094688243798,-1
0.0996011379828633,-1
0.0995977609626559,-1
0.099596359969319,-1
0.0995957651875185,-1
0.099595506784914,-1
0.099595391905008,-1
0.0995953396469387,-1
