Error,GradientNorm
0.597327544192989,-1
0.0511327054457291,-1
0.0284213453110851,-1
0.0236715428843779,-1
0.0228738201872086,-1
0.0227590469829448,-1
0.0227429870474846,-1
0.0227407489069197,-1
0.0227404371731999,-1
0.022740393757609,-1
0.0227403877111259,-1
