Error,GradientNorm
0.709548740426723,-1
0.00453789560910706,-1
0.000408812724004999,-1
0.000192295909750189,-1
0.000150500925574391,-1
0.000146658300335689,-1
0.000146356621246404,-1
0.000146333121485065,-1
0.000146331281299754,-1
0.000146331136402545,-1
