Error,GradientNorm
0.402423568584974,-1
0.200897932432861,-1
0.0822707129348537,-1
0.0521402352330646,-1
0.047509818678014,-1
0.0466333178742683,-1
0.0464173022490159,-1
0.046354891309701,-1
0.0463347058137508,-1
0.0463275276134616,-1
0.0463247618501645,-1
0.0463236261923456,-1
0.0463231373919556,-1
0.0463229199600307,-1
0.0463228210744655,-1
0.0463227754454696,-1
