Error,GradientNorm
0.844129720648133,-1
0.40083065981327,-1
0.275270627471299,-1
0.222101951128767,-1
0.2112921611535,-1
0.208980877720844,-1
0.208358291611802,-1
0.208153441169991,-1
0.208075582648236,-1
0.208043121932865,-1
0.208028811035984,-1
0.208022287986827,-1
0.208019253834094,-1
0.208017824395227,-1
0.20801714529921,-1
0.208016820814101,-1
0.208016665126558,-1
