Error,GradientNorm
0.917747509828611,-1
0.62631642787065,-1
0.572802463504723,-1
0.535424924941021,-1
0.48459885263562,-1
0.433813112955744,-1
0.401900810880902,-1
0.387529430797209,-1
0.382064912549019,-1
0.380125630922165,-1
0.379454427611243,-1
0.379224085367511,-1
0.379145244602719,-1
0.379118274072186,-1
0.379109045525388,-1
0.379105885796764,-1
0.379104802948381,-1
0.37910443138612,-1
