Error,GradientNorm
0.498945191783488,-1
0.0138039039608657,-1
0.00661665220403613,-1
0.00630983566818035,-1
0.00492513789526166,-1
0.00255544419512491,-1
0.00188573937380105,-1
0.00181756194001366,-1
0.00181210916456281,-1
0.00181168379816318,-1
0.00181165068199956,-1
0.00181164810420043,-1
0.00181164790354409,-1
