Error,GradientNorm
0.931017116147729,-1
0.422508010642166,-1
0.254493916130976,-1
0.209503312762846,-1
0.204740839439334,-1
0.204264797635356,-1
0.204209761588555,-1
0.204202270878055,-1
0.204201094297436,-1
0.204200888842885,-1
0.204200850453387,-1
