Error,GradientNorm
0.802489165613387,-1
0.085013222265632,-1
0.0441092448166634,-1
0.030926944692484,-1
0.0252741628343564,-1
0.0232274737320248,-1
0.0225566337863417,-1
0.0223363418404751,-1
0.0222613880436568,-1
0.0222348862414334,-1
0.0222252101174793,-1
0.0222215909229302,-1
0.0222202139024469,-1
0.022219683855625,-1
0.0222194782519436,-1
0.0222193980981218,-1
0.0222193667494644,-1
0.0222193544635002,-1
