Error,GradientNorm
0.876250707731015,-1
0.238893862454846,-1
0.132287752282844,-1
0.117982278784045,-1
0.115368243969179,-1
0.114564902881453,-1
0.114229886859408,-1
0.114071970019229,-1
0.113994061318392,-1
0.113954947886263,-1
0.113935172931967,-1
0.113925144708209,-1
0.113920051633336,-1
0.113917462701792,-1
0.113916145838625,-1
0.113915475651188,-1
0.113915134406035,-1
0.113914960570387,-1
0.113914871976454,-1
