Error,GradientNorm
0.738745027798673,-1
0.0605952803134969,-1
0.0289716972666676,-1
0.026337367452371,-1
0.0259277035167378,-1
0.025859700273321,-1
0.0258481069528688,-1
0.0258460908418313,-1
0.0258457356755058,-1
0.0258456725960586,-1
0.0258456613343684,-1
