Error,GradientNorm
0.867093496067015,-1
0.438306413237935,-1
0.237275345513705,-1
0.205495082152363,-1
0.202133566622254,-1
0.201675586139584,-1
0.201566969144723,-1
0.201520269019595,-1
0.20149305840882,-1
0.201475639885382,-1
0.20146419817302,-1
0.201456622291732,-1
0.201451590432492,-1
0.20144824318387,-1
0.201446014631061,-1
0.20144453011659,-1
0.201443540911934,-1
0.201442881623552,-1
0.201442442163389,-1
0.201442149210396,-1
0.201441953912364,-1
