Error,GradientNorm
0.502709667032396,-1
0.0107215978868157,-1
0.000183714909981545,-1
9.9626247805667e-05,-1
9.43265485515186e-05,-1
9.35646468400752e-05,-1
9.3453569159139e-05,-1
9.34374332933302e-05,-1
9.3435091120621e-05,-1
9.34347511903344e-05,-1
9.34347018556404e-05,-1
