Error,GradientNorm
0.596089792254546,-1
0.0656949752737889,-1
0.0225138970628848,-1
0.0177713652555454,-1
0.0171526122646943,-1
0.0170790824172819,-1
0.0170704485063152,-1
0.0170694325939567,-1
0.0170693128373843,-1
0.0170692987077474,-1
