Error,GradientNorm
0.729735634331001,-1
0.131352643450636,-1
0.0291211205341951,-1
0.0268809318700755,-1
0.0268172052371507,-1
0.0267991533423239,-1
0.0267915749503152,-1
0.0267882951411522,-1
0.0267868706984768,-1
0.0267862518251637,-1
0.0267859829462901,-1
0.0267858661308235,-1
0.0267858153806427,-1
0.0267857933325094,-1
