Error,GradientNorm
0.557254533750792,-1
0.0212078173016024,-1
0.0164337845638869,-1
0.0164209481860927,-1
0.0164209059516307,-1
0.0164209057894652,-1
