Error,GradientNorm
0.83439436564607,-1
0.227212566540494,-1
0.130462998893952,-1
0.0909130839673806,-1
0.079072672885713,-1
0.0745797209818421,-1
0.0729410752956954,-1
0.0723707738371057,-1
0.0721710923221708,-1
0.0720985326756857,-1
0.0720706995990763,-1
0.0720593154440606,-1
0.0720543270379328,-1
0.07205198591302,-1
0.0720508137547484,-1
0.0720501909499176,-1
0.0720498413692082,-1
0.0720496346416186,-1
0.0720495059566117,-1
0.0720494216231707,-1
0.0720493634405997,-1
