Error,GradientNorm
0.167189685967644,-1
0.00574317679603369,-1
0.000397813986276221,-1
0.000394716474710145,-1
0.000394711875540607,-1
0.000394711861551853,-1
