Error,GradientNorm
0.469139893042739,-1
0.218167181452539,-1
0.0826593331986633,-1
0.0603704903088868,-1
0.0588581047132236,-1
0.0587356761093039,-1
0.0587231271984286,-1
0.0587216343186847,-1
0.058721439153164,-1
0.0587214120483887,-1
