Error,GradientNorm
0.718856938848765,-1
0.0143810542252375,-1
0.00454920969746185,-1
0.00439851605400676,-1
0.00438732141673911,-1
0.00438576055424479,-1
0.00438552014864366,-1
0.00438548194565329,-1
0.00438547575877653,-1
0.00438547474256077,-1
