Error,GradientNorm
0.19646476712913,-1
0.0729976182590528,-1
0.0523098387521052,-1
0.0503951978897229,-1
0.0501507201747395,-1
0.0501125366958009,-1
0.05010606425383,-1
0.0501048531469787,-1
0.0501045591895501,-1
0.0501044396800864,-1
0.0501043623726417,-1
0.0501043017741178,-1
0.0501042517587081,-1
