Error,GradientNorm
0.778940382500565,-1
0.588717252524456,-1
0.538725388170135,-1
0.477847233999226,-1
0.432411721701501,-1
0.411039645420943,-1
0.402866263607814,-1
0.399820140155702,-1
0.398628626346983,-1
0.398130317182551,-1
0.397908369118014,-1
0.397804279479069,-1
0.397753504159914,-1
0.39772800956551,-1
0.397714939042224,-1
0.39770813733398,-1
0.397704559827765,-1
0.397702663689215,-1
0.39770165314053,-1
0.397701112409815,-1
0.397700822227926,-1
