Error,GradientNorm
0.814499687710082,-1
0.108820505772533,-1
0.0456422667019254,-1
0.0349008964925134,-1
0.0289086024840765,-1
0.0243853055432506,-1
0.0221877213168064,-1
0.0213955046093764,-1
0.0211418696268882,-1
0.0210631535036944,-1
0.021038745479506,-1
0.0210311213024791,-1
0.0210287194086299,-1
0.0210279569113968,-1
0.0210277133124257,-1
0.0210276350931947,-1
0.0210276098770372,-1
0.0210276017227768,-1
