Error,GradientNorm
0.709203742483476,-1
0.561622050860112,-1
0.415839873434942,-1
0.357075963923089,-1
0.336694280944205,-1
0.32903848956676,-1
0.326152973984911,-1
0.325051184017109,-1
0.32461919003897,-1
0.324444163275782,-1
0.324370694593528,-1
0.324338726528286,-1
0.3243243235775,-1
0.324317622926205,-1
0.324314416773862,-1
0.324312846255138,-1
0.324312062341226,-1
0.324311665318357,-1
0.324311462024081,-1
