Error,GradientNorm
0.855084848426352,-1
0.171369176378024,-1
0.0606945502392402,-1
0.0567806581062597,-1
0.056645535752245,-1
0.056603173309448,-1
0.0565772848805187,-1
0.0565605318837162,-1
0.0565495855574032,-1
0.0565424187526251,-1
0.0565377252678781,-1
0.056534651893627,-1
0.0565326396996446,-1
0.0565313224368147,-1
0.056530460175795,-1
0.0565298957839983,-1
0.0565295263758186,-1
0.0565292845950669,-1
0.0565291263500693,-1
0.0565290227801341,-1
0.0565289549950031,-1
0.0565289106307448,-1
