Error,GradientNorm
0.164356060063849,-1
0.00182022919827077,-1
0.000526677561475389,-1
0.000524164012320715,-1
0.000524153590283454,-1
0.000524153544871244,-1
