Error,GradientNorm
0.785651971148769,-1
0.0104538874046625,-1
0.000500495503722626,-1
0.000431408176161601,-1
0.000425887907190726,-1
0.000423958152221996,-1
0.00042313348981533,-1
0.000422778038178661,-1
0.000422625118346844,-1
0.000422559397302449,-1
0.000422531160111893,-1
0.000422519027196206,-1
0.000422513812800471,-1
0.000422511571135769,-1
0.000422510607123403,-1
0.000422510192407496,-1
