Error,GradientNorm
0.807123862632568,-1
0.0437871734863763,-1
0.00313821299325531,-1
0.00161220802802472,-1
0.00157602092920352,-1
0.00157522180125255,-1
0.00157520357746921,-1
0.00157520315622047,-1
