Error,GradientNorm
0.791815281951884,-1
0.00236211962171433,-1
0.000158656319758516,-1
0.000155646182524745,-1
0.000155627228405414,-1
0.000155626869516847,-1
0.000155626847749769,-1
