Error,GradientNorm
0.655122278147358,-1
0.335793864355713,-1
0.26095835569696,-1
0.244106956634525,-1
0.236894269425272,-1
0.231079700327969,-1
0.222230530844769,-1
0.207347632935624,-1
0.188292104936171,-1
0.172002533492679,-1
0.162339142320314,-1
0.15781932331904,-1
0.155944836568074,-1
0.155206409017371,-1
0.15492114228976,-1
0.154811623152078,-1
0.1547696106773,-1
0.154753469957496,-1
0.154747252320653,-1
0.15474484900855,-1
0.154743916286998,-1
0.15474355260313,-1
0.154743410037434,-1
