Error,GradientNorm
0.965544288260318,-1
0.792859542353798,-1
0.737272006420437,-1
0.701070527339784,-1
0.68140082360301,-1
0.672755013881099,-1
0.669342927694869,-1
0.668050257465759,-1
0.667565378776738,-1
0.667382815427378,-1
0.667313307132299,-1
0.667286394148957,-1
0.667275737836446,-1
0.667271398332968,-1
0.667269571376544,-1
0.667268773183389,-1
0.667268410791357,-1
