Error,GradientNorm
0.115420429716493,-1
0.00274034001394177,-1
0.000312795078474518,-1
0.000307605419839082,-1
0.000306719718932841,-1
0.000306507770074094,-1
0.000306457078843396,-1
0.000306444963744053,-1
0.000306442068768434,-1
0.000306441377025739,-1
0.000306441211738276,-1
