Error,GradientNorm
0.0756097642180057,-1
0.00214555707812066,-1
0.000329830041183768,-1
0.000327627270666422,-1
0.000327619258220509,-1
0.000327619212400631,-1
