Error,GradientNorm
0.842054275725574,-1
0.189765445718524,-1
0.0954112330583033,-1
0.0904321256976851,-1
0.089972985005034,-1
0.0898961391917538,-1
0.0898815623933987,-1
0.0898786694442348,-1
0.0898780708987137,-1
0.0898779414608627,-1
0.089877912206287,-1
