Error,GradientNorm
0.52428545378642,-1
0.0284421888173484,-1
0.0129641333191503,-1
0.0108853167658142,-1
0.0101162611771177,-1
0.00972149613550311,-1
0.00952863100262229,-1
0.00944015381859817,-1
0.00940090961733313,-1
0.00938377213146618,-1
0.00937633988907315,-1
0.00937312633490809,-1
0.00937173866805914,-1
0.00937113978760105,-1
0.00937088138942081,-1
0.00937076991039046,-1
0.00937072181790193,-1
0.00937070107102004,-1
0.00937069212098452,-1
