Error,GradientNorm
0.886654541536987,-1
0.377431110076807,-1
0.194792210813213,-1
0.15335327039271,-1
0.147695575733027,-1
0.146249967197447,-1
0.145592482202321,-1
0.145235114410153,-1
0.145034342998214,-1
0.144921081786606,-1
0.144857181604039,-1
0.144821124323535,-1
0.144800766933019,-1
0.144789264911339,-1
0.144782761179371,-1
0.144779081052171,-1
0.144776997355237,-1
0.144775816941393,-1
0.144775147949011,-1
0.144774768669547,-1
0.144774553580382,-1
0.144774431576427,-1
