Error,GradientNorm
0.0491799045210448,-1
0.00347167419046496,-1
0.000249181578978658,-1
0.000119093459612921,-1
9.53509746653389e-05,-1
9.22519868097523e-05,-1
9.18564778112508e-05,-1
9.17998900804771e-05,-1
9.17907995003419e-05,-1
9.17892120298379e-05,-1
9.17889205512793e-05,-1
9.17888655640785e-05,-1
