Error,GradientNorm
0.48461177836234,-1
0.0965839995810505,-1
0.0403852002255285,-1
0.0394451835022879,-1
0.0394308936259181,-1
0.0394303395134285,-1
0.0394302781321251,-1
0.0394302680326606,-1
