Error,GradientNorm
0.921189103475336,-1
0.892090724493831,-1
0.890929858341537,-1
0.890443851403048,-1
0.890110968479707,-1
0.889875488782511,-1
0.88970672832899,-1
0.889583200974916,-1
0.889490354939761,-1
0.889418720780841,-1
0.889362223794441,-1
0.889316917960655,-1
0.889280153614025,-1
0.889250071287973,-1
0.889225306419172,-1
0.889204819298192,-1
0.889187795807468,-1
0.889173587149456,-1
0.889161670976282,-1
0.889151624527886,-1
0.889143104857472,-1
0.889135833565466,-1
0.889129584653006,-1
0.889124174698892,-1
0.889119454858829,-1
0.889115304336988,-1
0.889111625063466,-1
0.889108337363504,-1
0.889105376441572,-1
0.889102689532965,-1
0.889100233600158,-1
0.88909797347216,-1
0.889095880343036,-1
0.88909393056084,-1
0.889092104650999,-1
0.889090386528639,-1
0.889088762863095,-1
0.88908722256491,-1
0.88908575637143,-1
0.88908435651174,-1
0.889083016435506,-1
0.889081730593279,-1
0.8890804942583,-1
0.889079303381771,-1
0.889078154475151,-1
0.889077044514291,-1
0.889075970861236,-1
0.889074931200325,-1
0.889073923485894,-1
0.889072945899376,-1
0.889071996814054,-1
0.889071074766029,-1
0.889070178430251,-1
0.889069306600677,-1
