Error,GradientNorm
0.932734406516806,-1
0.844469358301663,-1
0.781281764381157,-1
0.684311038991088,-1
0.600703462311658,-1
0.561359131108019,-1
0.54573004453494,-1
0.53946382514547,-1
0.536857527559556,-1
0.53573844356558,-1
0.535247186436115,-1
0.535028520379796,-1
0.534930385603557,-1
0.534886135978665,-1
0.534866130657273,-1
0.534857072921126,-1
0.534852968561203,-1
0.534851107914494,-1
0.534850264215386,-1
0.534849881594648,-1
