Error,GradientNorm
0.920183092916882,-1
0.891772543308158,-1
0.890579923848145,-1
0.89015898987992,-1
0.889904371344619,-1
0.889732033543874,-1
0.889607608787052,-1
0.889512955321084,-1
0.8894377891039,-1
0.889376092483014,-1
0.889324246166945,-1
0.889279993420701,-1
0.889241856096388,-1
0.889208805492456,-1
0.889180078024428,-1
0.889155072805044,-1
0.889133295043887,-1
0.889114324676645,-1
0.88909779861473,-1
0.889083400183334,-1
0.889070852268718,-1
0.88905991235175,-1
0.889050368512295,-1
0.889042035970717,-1
0.889034753977239,-1
0.889028382976036,-1
0.889022802020343,-1
0.889017906431595,-1
0.889013605697757,-1
0.889009821602792,-1
0.88900648657501,-1
0.889003542238581,-1
0.889000938150391,-1
0.888998630703508,-1
0.888996582178686,-1
0.888994759926146,-1
0.888993135661159,-1
0.888991684858454,-1
0.888990386232048,-1
0.88898922128869,-1
0.888988173944538,-1
0.888987230196103,-1
0.888986377837668,-1
