Error,GradientNorm
0.994530617532376,-1
0.957385644594858,-1
0.89343199083635,-1
0.883869454042978,-1
0.882837342834604,-1
0.88248363602633,-1
0.882233376315132,-1
0.882023012420149,-1
0.881838116415449,-1
0.881673363671323,-1
0.881526350377238,-1
0.881395758165492,-1
0.881280596104408,-1
0.881179873245612,-1
0.881092484935476,-1
0.881017209254909,-1
0.880952753523336,-1
0.880897814882149,-1
0.880851135289968,-1
0.8808115424064,-1
0.880777974735079,-1
0.880749493000593,-1
0.880725281107026,-1
0.880704640104301,-1
0.88068697805561,-1
0.880671797979108,-1
0.88065868535259,-1
0.880647296112272,-1
0.88063734566468,-1
0.880628599147691,-1
0.880620862995501,-1
0.880613977754852,-1
0.880607812042788,-1
0.880602257511794,-1
0.880597224683635,-1
0.880592639520007,-1
0.880588440610572,-1
0.880584576873663,-1
0.880581005679849,-1
0.880577691322542,-1
0.880574603772355,-1
0.880571717662846,-1
0.880569011464592,-1
0.880566466812344,-1
0.880564067956512,-1
0.880561801315611,-1
0.88055965511066,-1
0.880557619066144,-1
0.88055568416505,-1
0.880553842447864,-1
0.880552086847327,-1
0.880550411052327,-1
0.880548809395529,-1
0.880547276760384,-1
0.880545808503982,-1
0.880544400392857,-1
0.88054304854942,-1
0.880541749407111,-1
0.880540499672713,-1
0.880539296294581,-1
0.880538136435736,-1
0.880537017450997,-1
0.880535936867442,-1
0.880534892367655,-1
0.880533881775279,-1
0.880532903042493,-1
0.880531954239114,-1
0.880531033543049,-1
0.880530139231895,-1
0.8805292696755,-1
