Error,GradientNorm
0.959262529933648,-1
0.87681708310509,-1
0.786799912871551,-1
0.730176476330663,-1
0.708749970604711,-1
0.692438197195552,-1
0.676780762760519,-1
0.660973193824895,-1
0.645661735088027,-1
0.632010433246653,-1
0.620899857430548,-1
0.612554523934468,-1
0.606658670289506,-1
0.602664555547917,-1
0.600029041504189,-1
0.598316221366272,-1
0.59721191192438,-1
0.596502509878544,-1
0.596047327961515,-1
0.595755230730632,-1
0.595567653876423,-1
0.595447085692311,-1
0.59536951590445,-1
0.595319567430361,-1
0.595287381274742,-1
0.595266628391543,-1
0.595253240888268,-1
0.595244601386494,-1
0.59523902427577,-1
0.595235423204545,-1
0.595233097618051,-1
0.595231595537736,-1
0.595230625252671,-1
0.59522999843674,-1
0.595229593481763,-1
