Error,GradientNorm
0.126366261135577,-1
0.0178611238430735,-1
0.00467733107825147,-1
0.00393592536917629,-1
0.00381554157186937,-1
0.00378955107841265,-1
0.0037824465730367,-1
0.00378021118401949,-1
0.0037794644519474,-1
0.0037792095146321,-1
0.00377912182624718,-1
0.00377909158931758,-1
0.00377908115424746,-1
0.00377907755200141,-1
