Error,GradientNorm
0.709021919581691,-1
0.480735256632748,-1
0.387830589684975,-1
0.342214924395609,-1
0.313497580642981,-1
0.298278848558071,-1
0.29173319820796,-1
0.289180389367333,-1
0.288202556392695,-1
0.287822197947684,-1
0.287670549480627,-1
0.287608596695506,-1
0.287582754036178,-1
0.28757179188551,-1
0.28756708048912,-1
0.287565034887964,-1
0.28756413965359,-1
0.287563745396639,-1
0.287563570883271,-1
