Error,GradientNorm
0.627913212263797,-1
0.366719380025931,-1
0.28032284841673,-1
0.243417751088035,-1
0.226113424255163,-1
0.217950179393389,-1
0.213976439150576,-1
0.211915063864065,-1
0.210758449359632,-1
0.210056973337882,-1
0.209599798024454,-1
0.209281374810344,-1
0.209045324071508,-1
0.208859739778767,-1
0.20870567497969,-1
0.208571458844733,-1
0.208449742060659,-1
0.208335885250132,-1
0.208227036832162,-1
0.208121575533408,-1
0.208018748845866,-1
0.207918417478012,-1
0.207820858350108,-1
0.207726603005678,-1
0.207636302415636,-1
0.207550616650785,-1
0.2074701307515,-1
0.20739529784623,-1
0.207326408605301,-1
0.207263583757754,-1
0.207206784585384,-1
0.207155835498376,-1
0.207110453003584,-1
0.207070276323015,-1
0.207034896227726,-1
0.207003879985148,-1
0.206976791453908,-1
0.206953206199565,-1
0.206932722041128,-1
0.206914965719392,-1
0.20689959647259,-1
0.206886307279319,-1
0.206874824437561,-1
0.206864906030567,-1
0.206856339710075,-1
0.20684894011825,-1
0.206842546178002,-1
0.206837018408082,-1
0.206832236363388,-1
0.206828096259645,-1
0.206824508812272,-1
0.206821397299156,-1
0.20681869584385,-1
0.2068163479076,-1
0.206814304974008,-1
0.206812525408033,-1
0.206810973470496,-1
0.206809618469808,-1
0.206808434033753,-1
0.206807397485598,-1
0.206806489310431,-1
0.206805692699158,-1
0.206804993159184,-1
0.206804378182164,-1
0.20680383696052,-1
0.206803360145578,-1
0.206802939641166,-1
0.206802568427412,-1
0.206802240410262,-1
0.206801950292878,-1
0.206801693465652,-1
0.206801465912086,-1
0.206801264128155,-1
