Error,GradientNorm
0.84942139093839,-1
0.686155473137774,-1
0.596590626482182,-1
0.563490503797874,-1
0.550577205804837,-1
0.544652928508448,-1
0.541470671143124,-1
0.539486020433631,-1
0.538048540885237,-1
0.536852246593699,-1
0.535745683870846,-1
0.534656719917027,-1
0.533558553858111,-1
0.532451898146612,-1
0.531353696781372,-1
0.530288635027432,-1
0.529282368160736,-1
0.528356548742811,-1
0.527525931870742,-1
0.526797518382531,-1
0.526171283373245,-1
0.525641815745525,-1
0.525200227364163,-1
0.524835884700372,-1
0.524537743304349,-1
0.524295242196758,-1
0.524098816491776,-1
0.523940124723789,-1
0.523812086774622,-1
0.523708810215378,-1
0.523625460762148,-1
0.5235581129892,-1
0.523503602618188,-1
0.523459391533436,-1
0.523423450233197,-1
0.523394158652167,-1
0.523370224278336,-1
0.523350615567629,-1
0.523334508375845,-1
0.523321243185662,-1
0.523310291128241,-1
0.523301227080763,-1
0.523293708407188,-1
0.523287458172035,-1
0.523282251884914,-1
0.523277907024734,-1
0.523274274749117,-1
0.523271233320899,-1
0.523268682884278,-1
0.523266541302801,-1
0.523264740834,-1
0.523263225464505,-1
0.523261948767768,-1
0.523260872176363,-1
0.523259963584113,-1
0.523259196211404,-1
0.523258547681188,-1
0.52325799926419,-1
0.523257535260461,-1
