Error,GradientNorm
0.0771956191213772,-1
0.015828854268714,-1
0.00125645293999629,-1
0.000626466666616189,-1
0.000618331827068662,-1
0.000618220009377485,-1
0.000618218182352935,-1
0.00061821814989626,-1
