Error,GradientNorm
0.36689029456006,-1
0.142585183490477,-1
0.0953644422366848,-1
0.070179463380902,-1
0.0565344048374037,-1
0.0528236712017369,-1
0.0520435057011649,-1
0.0518752453376814,-1
0.0518360085612406,-1
0.0518262211208448,-1
0.0518236606234006,-1
0.0518229692886919,-1
0.0518227786748445,-1
0.0518227253458879,-1
0.0518227102607349,-1
