Error,GradientNorm
0.879970898522548,-1
0.69237925558306,-1
0.610029511812852,-1
0.553797880701979,-1
0.523238997217439,-1
0.509657718328636,-1
0.504156396907813,-1
0.501991723673389,-1
0.501142807236316,-1
0.500808367686696,-1
0.500675843834652,-1
0.500623067322684,-1
0.500601969791108,-1
0.500593513135582,-1
0.50059011702625,-1
0.500588751433102,-1
0.500588201845516,-1
0.500587980533577,-1
