Error,GradientNorm
0.987688990879142,-1
0.944103115059059,-1
0.888122114284365,-1
0.873781366441247,-1
0.871122001702794,-1
0.870085159599509,-1
0.869346156427069,-1
0.868735431004849,-1
0.868231228760253,-1
0.867826564322011,-1
0.867510993282178,-1
0.867270570634856,-1
0.867090459587696,-1
0.866956973829785,-1
0.866858578717802,-1
0.866786110717049,-1
0.86673257073797,-1
0.866692751513953,-1
0.866662845624714,-1
0.866640100113653,-1
0.866622537830919,-1
0.866608743752354,-1
0.866597706191288,-1
0.866588701146987,-1
0.866581209156601,-1
0.866574856009456,-1
0.866569370690577,-1
0.866564555630757,-1
0.866560265686305,-1
0.866556393284601,-1
0.866552857913947,-1
0.866549598671017,-1
0.866546568960269,-1
0.866543732709223,-1
0.866541061653252,-1
0.86653853337672,-1
0.866536129890638,-1
0.866533836592284,-1
0.86653164149801,-1
0.866529534672424,-1
0.866527507799595,-1
0.866525553857676,-1
0.866523666869393,-1
0.866521841708666,-1
0.866520073949135,-1
0.866518359744255,-1
0.866516695731448,-1
0.866515078954733,-1
0.866513506801737,-1
0.866511976951989,-1
0.866510487334158,-1
0.866509036090468,-1
0.866507621546892,-1
0.866506242188067,-1
0.866504896636087,-1
0.866503583632486,-1
0.866502302022892,-1
0.866501050743907,-1
0.866499828811856,-1
0.866498635313116,-1
0.866497469395792,-1
0.866496330262521,-1
0.866495217164259,-1
0.866494129394886,-1
0.866493066286537,-1
0.866492027205534,-1
0.866491011548849,-1
0.866490018741024,-1
0.866489048231476,-1
0.86648809949215,-1
0.866487172015455,-1
0.866486265312465,-1
0.866485378911338,-1
0.86648451235592,-1
0.866483665204527,-1
