Error,GradientNorm
0.558411400409111,-1
0.203746947957644,-1
0.12322244043188,-1
0.12103862997028,-1
0.12098021169145,-1
0.120977430124768,-1
0.120977231523208,-1
0.120977215060098,-1
