Error,GradientNorm
0.0547245478646222,-1
0.000134313702090294,-1
3.45949139516991e-06,-1
3.45798722737091e-06,-1
3.45798708594175e-06,-1
