Error,GradientNorm
0.687778687157308,-1
0.400518604208768,-1
0.209237845328736,-1
0.127264818296412,-1
0.116935565216988,-1
0.11596173156659,-1
0.115864384254482,-1
0.115854155495413,-1
0.115853051189704,-1
0.115852930140912,-1
0.115852916753452,-1
