Error,GradientNorm
0.442255504272033,-1
0.178905194177636,-1
0.102614095083674,-1
0.0835705734426994,-1
0.0777022538429833,-1
0.0751298908616701,-1
0.0736559751715491,-1
0.0726959117552166,-1
0.0720520196403061,-1
0.0716214649170616,-1
0.0713319053737408,-1
0.0711317180316282,-1
0.0709866587933468,-1
0.0708754367386769,-1
0.0707854169290251,-1
0.0707093747081983,-1
0.0706433190070865,-1
0.070585107779626,-1
0.0705335924222827,-1
0.0704881064671657,-1
0.070448177558562,-1
0.0704133818531101,-1
0.0703832848804929,-1
0.070357430128273,-1
0.0703353497923521,-1
0.0703165823021508,-1
0.0703006885764296,-1
0.0702872637485264,-1
0.0702759438269767,-1
0.0702664080485993,-1
0.0702583780990111,-1
0.0702516153398774,-1
0.0702459169609115,-1
0.0702411117154032,-1
0.0702370556689036,-1
0.0702336282139536,-1
0.0702307284791828,-1
0.0702282721795735,-1
0.0702261889051331,-1
0.0702244198178077,-1
0.0702229157135046,-1
0.070221635402025,-1
0.0702205443587668,-1
0.0702196136057904,-1
0.0702188187847268,-1
0.0702181393891523,-1
0.0702175581289731,-1
0.0702170604038049,-1
0.0702166338662228,-1
0.070216268059071,-1
0.0702159541138184,-1
0.0702156844992683,-1
0.0702154528118485,-1
0.0702152536002877,-1
0.0702150822187732,-1
0.0702149347037425,-1
0.0702148076703224,-1
0.0702146982251326,-1
0.0702146038927469,-1
0.0702145225535744,-1
0.0702144523913072,-1
