Error,GradientNorm
0.972258518013851,-1
0.921826291269781,-1
0.867518471858092,-1
0.846106926567036,-1
0.839291395346508,-1
0.836368897319902,-1
0.834652971231567,-1
0.833455449030443,-1
0.832566005808983,-1
0.831897579485576,-1
0.831397913649528,-1
0.831027693112339,-1
0.830755515390639,-1
0.830556534373601,-1
0.830411566926546,-1
0.830306130973645,-1
0.830229476382015,-1
0.830173715264897,-1
0.830133102828464,-1
0.830103473455369,-1
0.830081813335143,-1
0.830065943559317,-1
0.830054288338689,-1
0.830045706902171,-1
0.830039372174086,-1
0.830034683430276,-1
0.830031203472065,-1
0.830028613427025,-1
0.830026680201447,-1
0.830025233010731,-1
0.830024146427105,-1
0.830023328111746,-1
