Error,GradientNorm
0.219945340243638,-1
0.000926748122274886,-1
0.000123874437357187,-1
0.000123828350954419,-1
0.000123828346542157,-1
