Error,GradientNorm
0.130423125593047,-1
0.0029919047502051,-1
0.000429283356702604,-1
0.000425453956877192,-1
0.000425438111166937,-1
0.00042543802301849,-1
