Error,GradientNorm
0.690573528840869,-1
0.52909856246917,-1
0.462714716862072,-1
0.427560169025211,-1
0.406354226328065,-1
0.39386509232456,-1
0.386831626469993,-1
0.382756403422244,-1
0.380175184108678,-1
0.37837623819158,-1
0.377038447546894,-1
0.376013653456466,-1
0.37522307775864,-1
0.374614334523369,-1
0.37414631564243,-1
0.37378505000964,-1
0.373502821961546,-1
0.373277704432979,-1
0.373092840128124,-1
0.372935534210155,-1
0.372796340687414,-1
0.372668263523434,-1
0.372546118785551,-1
0.372426056974371,-1
0.372305223171744,-1
0.372181526535661,-1
0.372053491729689,-1
0.371920168354742,-1
0.371781078166528,-1
0.371636183125025,-1
0.371485860199196,-1
0.371330871700346,-1
0.3711723230983,-1
0.371011603946011,-1
0.370850311556717,-1
0.37069016099724,-1
0.370532888152966,-1
0.370380154482055,-1
0.370233462254851,-1
0.370094087607338,-1
0.369963036055273,-1
0.369841021900243,-1
0.369728469927181,-1
0.369625535496844,-1
0.369532137850924,-1
0.369448001164906,-1
0.369372698393827,-1
0.369305693954722,-1
0.369246382477514,-1
0.369194122001229,-1
0.369148260951734,-1
0.36910815895023,-1
0.369073201968593,-1
0.36904281260408,-1
0.36901645634236,-1
0.368993644665077,-1
0.368973935779798,-1
0.368956933639335,-1
0.368942285797129,-1
0.368929680529822,-1
0.368918843555333,-1
0.368909534587774,-1
0.368901543899997,-1
0.368894689009135,-1
0.36888881155824,-1
0.368883774435807,-1
0.368879459152398,-1
0.368875763477879,-1
0.368872599332223,-1
0.368869890916205,-1
0.368867573064425,-1
0.368865589801246,-1
0.368863893079729,-1
0.36886244168406,-1
0.368861200276931,-1
0.36886013857469,-1
0.368859230634511,-1
0.368858454239413,-1
0.368857790368433,-1
0.368857222740701,-1
0.368856737423511,-1
0.368856322495689,-1
0.368855967758662,-1
