Error,GradientNorm
0.461860285677873,-1
0.21836376728445,-1
0.114232782109491,-1
0.0815102345892991,-1
0.071012794844061,-1
0.0675341720038062,-1
0.06606267503126,-1
0.0651107169473088,-1
0.0642233144318141,-1
0.0632438476346165,-1
0.0621368622250751,-1
0.0609468868844506,-1
0.0597696184025346,-1
0.0587081866151445,-1
0.0578318418958569,-1
0.0571604462722573,-1
0.0566752715371676,-1
0.0563393799912358,-1
0.0561137138045324,-1
0.0559651519898746,-1
0.0558686571142813,-1
0.0558065286193723,-1
0.0557667529607256,-1
0.0557413803011222,-1
0.0557252327488324,-1
0.0557149713791879,-1
0.0557084566608264,-1
0.0557043230786205,-1
0.0557017013190447,-1
0.0557000388457486,-1
0.0556989848224068,-1
0.0556983166265846,-1
0.0556978930512756,-1
0.0556976245535433,-1
0.0556974543612477,-1
0.0556973464833735,-1
0.0556972781047178,-1
0.0556972347630112,-1
