Error,GradientNorm
0.427562582251593,-1
0.117049059363809,-1
0.116410832694835,-1
0.116410800752753,-1
