Error,GradientNorm
0.713512777745394,-1
0.534964609275093,-1
0.462155438728751,-1
0.42730368114448,-1
0.409086330936673,-1
0.399062507363903,-1
0.393277510378027,-1
0.38970684293523,-1
0.387328777850759,-1
0.385637505184066,-1
0.384376411905482,-1
0.383407093727023,-1
0.382648458054797,-1
0.382048511121034,-1
0.381571072605478,-1
0.381189385755268,-1
0.380882929663198,-1
0.380635700212114,-1
0.380435156951031,-1
0.38027148289918,-1
0.380137012776132,-1
0.380025773341298,-1
0.379933112065235,-1
0.379855400237456,-1
0.379789798934624,-1
0.379734076945039,-1
0.379686470568585,-1
0.37964557643147,-1
0.379610269883974,-1
0.379579642972725,-1
0.37955295726048,-1
0.37952960784741,-1
0.379509095820719,-1
0.379491007043502,-1
0.379474995718692,-1
0.379460771561061,-1
0.379448089707653,-1
0.379436742718242,-1
0.379426554181424,-1
0.379417373563138,-1
0.379409072024116,-1
0.379401538999096,-1
0.379394679379882,-1
0.379388411181004,-1
0.379382663594194,-1
0.379377375358487,-1
0.379372493388428,-1
0.379367971614756,-1
0.379363770001078,-1
0.379359853707142,-1
0.379356192374864,-1
0.379352759517565,-1
0.379349531996386,-1
0.379346489570572,-1
0.379343614510563,-1
0.379340891264625,-1
0.379338306171246,-1
0.37933584721073,-1
0.379333503790423,-1
0.379331266558866,-1
0.379329127244842,-1
0.379327078517885,-1
0.379325113867322,-1
0.379323227497323,-1
0.379321414235795,-1
0.379319669455268,-1
0.379317989004161,-1
0.379316369147048,-1
0.379314806512737,-1
0.379313298049119,-1
0.3793118409839,-1
0.37931043279045,-1
0.379309071158079,-1
0.379307753966181,-1
0.37930647926173,-1
0.379305245239686,-1
0.379304050225944,-1
0.379302892662483,-1
0.379301771094436,-1
0.379300684158824,-1
0.379299630574742,-1
0.379298609134804,-1
0.379297618697687,-1
0.379296658181626,-1
0.379295726558737,-1
0.379294822850056,-1
0.379293946121212,-1
0.37929309547863,-1
0.379292270066218,-1
0.379291469062452,-1
0.37929069167782,-1
0.379289937152575,-1
0.379289204754752,-1
0.379288493778415,-1
0.379287803542103,-1
0.379287133387459,-1
0.379286482677991,-1
0.379285850797979,-1
0.379285237151484,-1
0.379284641161462,-1
0.379284062268951,-1
0.379283499932341,-1
0.3792829536267,-1
0.379282422843161,-1
0.379281907088347,-1
0.379281405883844,-1
0.379280918765706,-1
0.379280445283993,-1
0.379279985002334,-1
0.379279537497517,-1
0.37927910235909,-1
0.379278679188994,-1
0.379278267601203,-1
0.379277867221378,-1
0.379277477686537,-1
0.379277098644739,-1
