Error,GradientNorm
0.0547509216112097,-1
0.00247164107103207,-1
0.000189407977996841,-1
0.000160580547046094,-1
0.00014404210543775,-1
0.000134100858866045,-1
0.000129353966700054,-1
0.000127363495248825,-1
0.00012657612473006,-1
0.000126271981547607,-1
0.000126155585240158,-1
0.00012611119908799,-1
0.000126094296136867,-1
0.000126087862574865,-1
0.000126085414332712,-1
0.000126084482743411,-1
0.000126084128271232,-1
0.000126083993395114,-1
0.000126083942075168,-1
