Error,GradientNorm
0.186408890964181,-1
0.0247702347639848,-1
0.00309473400864188,-1
0.00291355218884681,-1
0.00291104448003583,-1
0.00291098998711603,-1
0.00291098874205517,-1
