Error,GradientNorm
0.178594529987001,-1
0.027955853287881,-1
0.00433857799562897,-1
0.00384857833930392,-1
0.00379917806980831,-1
0.00378566533610199,-1
0.00378131187719009,-1
0.00377984328995559,-1
0.0037793401765032,-1
0.0037791669226236,-1
0.00377910715728533,-1
0.00377908652894656,-1
0.00377907940761207,-1
0.00377907694902421,-1
