Error,GradientNorm
0.8944589620969,-1
0.721462049545602,-1
0.674866122612223,-1
0.652341821489771,-1
0.638769415806225,-1
0.629999150729547,-1
0.624109608934909,-1
0.620050018376276,-1
0.617192485648116,-1
0.61514087706295,-1
0.613637224616386,-1
0.61251067563435,-1
0.611647026423207,-1
0.610969426632359,-1
0.610425800447108,-1
0.609980572691192,-1
0.609609214055836,-1
0.609294631243757,-1
0.609024760939191,-1
0.608790952801187,-1
0.608586876241134,-1
0.608407780623308,-1
0.60824999704981,-1
0.608110605976377,-1
0.607987217922208,-1
0.607877830091193,-1
0.607780732822345,-1
0.607694447933677,-1
0.607617686985022,-1
0.607549321740376,-1
0.607488362037773,-1
0.607433938205744,-1
0.607385286383633,-1
0.607341735836384,-1
0.607302697773819,-1
0.607267655410352,-1
0.607236155113942,-1
0.607207798543803,-1
0.607182235695546,-1
0.607159158777631,-1
0.607138296843404,-1
0.607119411103101,-1
0.607102290841708,-1
0.607086749871839,-1
0.607072623455477,-1
0.607059765634147,-1
0.607048046913227,-1
0.607037352252295,-1
0.607027579319432,-1
0.607018636972881,-1
0.607010443938547,-1
0.607002927656234,-1
0.606996023271413,-1
0.606989672752699,-1
0.606983824118065,-1
0.606978430755319,-1
0.606973450824435,-1
0.606968846731097,-1
0.60696458466234,-1
0.606960634176423,-1
0.606956967840146,-1
0.606953560907773,-1
0.606950391036445,-1
0.606947438033711,-1
0.606944683633299,-1
0.606942111295799,-1
0.60693970603133,-1
0.606937454241617,-1
0.606935343579242,-1
0.606933362822098,-1
0.606931501761306,-1
0.60692975110108,-1
0.606928102369183,-1
0.606926547836805,-1
0.606925080446804,-1
0.606923693749394,-1
0.606922381844456,-1
0.606921139329759,-1
0.606919961254437,-1
0.60691884307717,-1
0.60691778062855,-1
0.606916770077196,-1
0.606915807899221,-1
0.606914890850689,-1
0.606914015942761,-1
0.606913180419243,-1
0.606912381736284,-1
0.606911617544022,-1
0.606910885669946,-1
0.606910184103842,-1
0.606909510984122,-1
0.606908864585427,-1
0.606908243307369,-1
0.606907645664286,-1
