Error,GradientNorm
0.773845841814666,-1
0.538440537328286,-1
0.462820793883225,-1
0.427433906398532,-1
0.409728305396679,-1
0.400282532595628,-1
0.39488243280563,-1
0.391585017535105,-1
0.389451096855374,-1
0.387999409661684,-1
0.386968417684713,-1
0.386208250189662,-1
0.385629025921445,-1
0.385174729766073,-1
0.38480929906836,-1
0.384508859424472,-1
0.384257212593123,-1
0.384043120668235,-1
0.383858621322114,-1
0.383697955591283,-1
0.383556870912905,-1
0.38343216028367,-1
0.383321353325859,-1
0.383222506763539,-1
0.383134060758419,-1
0.383054739265648,-1
0.382983480034073,-1
0.382919384741089,-1
0.382861682959211,-1
0.382809705765499,-1
0.382762866188142,-1
0.38272064458118,-1
0.382682577597384,-1
0.382648249806633,-1
0.382617287259838,-1
0.382589352475398,-1
0.382564140455361,-1
0.382541375438386,-1
0.382520808174903,-1
0.382502213571335,-1
0.382485388597713,-1
0.382470150388714,-1
0.382456334493935,-1
0.382443793251108,-1
0.382432394267609,-1
0.382422019002717,-1
0.382412561446906,-1
0.382403926896164,-1
0.382396030819668,-1
0.382388797818803,-1
0.382382160674783,-1
0.382376059481358,-1
0.382370440858412,-1
0.382365257241682,-1
0.382360466243485,-1
0.382356030079125,-1
0.382351915053624,-1
0.382348091103516,-1
0.382344531388589,-1
0.382341211928771,-1
0.3823381112816,-1
0.38233521025609,-1
0.382332491659104,-1
0.382329940070729,-1
0.38232754164542,-1
0.382325283936046,-1
0.382323155738234,-1
0.382321146952685,-1
0.382319248463387,-1
0.382317452029897,-1
0.382315750192029,-1
0.382314136185515,-1
0.382312603867348,-1
0.382311147649665,-1
0.382309762441181,-1
0.382308443595269,-1
0.382307186863926,-1
0.382305988356916,-1
0.3823048445055,-1
0.382303752030207,-1
0.382302707912175,-1
0.382301709367664,-1
0.382300753825342,-1
0.382299838906052,-1
0.382298962404767,-1
0.382298122274468,-1
0.382297316611747,-1
0.382296543643923,-1
0.382295801717502,-1
0.38229508928784,-1
0.382294404909862,-1
0.382293747229716,-1
0.382293114977282,-1
0.382292506959408,-1
0.382291922053821,-1
0.382291359203622,-1
0.382290817412315,-1
0.382290295739299,-1
0.382289793295783,-1
0.382289309241078,-1
0.382288842779219,-1
0.382288393155896,-1
0.382287959655648,-1
0.382287541599298,-1
0.382287138341614,-1
0.382286749269155,-1
0.382286373798298,-1
