Error,GradientNorm
0.758398725372322,-1
0.537583517380066,-1
0.465088599852607,-1
0.431428640329427,-1
0.413529346781352,-1
0.403409249065093,-1
0.397302994691075,-1
0.393358049273178,-1
0.390645331485916,-1
0.388676544250987,-1
0.387179417655732,-1
0.385995000655707,-1
0.385028547617396,-1
0.384223306523763,-1
0.383544797208608,-1
0.382970885196989,-1
0.38248574781277,-1
0.382076609508763,-1
0.38173229148029,-1
0.381442760434091,-1
0.381199093984824,-1
0.380993533370477,-1
0.380819488054792,-1
0.380671467549161,-1
0.380544961164907,-1
0.380436294892493,-1
0.38034248814089,-1
0.380261123648451,-1
0.380190236256731,-1
0.380128221402339,-1
0.380073761650271,-1
0.380025768578889,-1
0.379983337170789,-1
0.379945710120745,-1
0.37991224988076,-1
0.379882416687325,-1
0.379855751196427,-1
0.379831860667623,-1
0.379810407889431,-1
0.379791102232499,-1
0.379773692364823,-1
0.379757960274871,-1
0.37974371633213,-1
0.379730795177395,-1
0.379719052282229,-1
0.379708361052494,-1
0.379698610377705,-1
0.379689702548396,-1
0.37968155147932,-1
0.379674081188396,-1
0.379667224490734,-1
0.3796609218744,-1
0.379655120530463,-1
0.379649773514497,-1
0.379644839020473,-1
0.379640279751003,-1
0.37963606237041,-1
0.379632157029123,-1
0.379628536949629,-1
0.379625178065606,-1
0.379622058707081,-1
0.379619159325459,-1
0.379616462253121,-1
0.37961395149302,-1
0.379611612534341,-1
0.379609432190804,-1
0.379607398458675,-1
0.379605500391911,-1
0.379603727992251,-1
0.379602072112306,-1
0.379600524370015,-1
0.379599077072999,-1
0.379597723151575,-1
0.379596456099331,-1
0.379595269920334,-1
0.379594159082127,-1
0.379593118473828,-1
0.379592143368684,-1
0.379591229390564,-1
0.379590372483902,-1
0.379589568886696,-1
0.379588815106195,-1
0.379588107896967,-1
0.37958744424108,-1
0.379586821330152,-1
0.379586236549067,-1
0.37958568746117,-1
0.379585171794794,-1
0.379584687430957,-1
0.379584232392133,-1
0.379583804831962,-1
0.379583403025825,-1
0.379583025362185,-1
