Error,GradientNorm
0.107347808349108,-1
0.0325531147239346,-1
0.00499898362041016,-1
0.00376028434802785,-1
0.00372580576831364,-1
0.00372340259322333,-1
0.00372309989222421,-1
0.00372305075065158,-1
0.00372304180947262,-1
0.00372304009524095,-1
