Error,GradientNorm
0.675981099513284,-1
0.393198076360737,-1
0.268377842133335,-1
0.224928336195657,-1
0.211711741695405,-1
0.20704718080749,-1
0.204782240053933,-1
0.203388024897864,-1
0.202414946560537,-1
0.201689023346102,-1
0.201123732696557,-1
0.200668173540967,-1
0.20028975936755,-1
0.199967031715791,-1
0.199685894988264,-1
0.199437244479257,-1
0.199215312839791,-1
0.199016476929249,-1
0.198838403547545,-1
0.198679460083478,-1
0.198538333283136,-1
0.198413806372967,-1
0.198304649763761,-1
0.198209586605833,-1
0.198127302007777,-1
0.198056472930641,-1
0.197995803490238,-1
0.197944056799505,-1
0.197900079201175,-1
0.197862815833794,-1
0.19783131823825,-1
0.197804745523134,-1
0.197782360812971,-1
0.197763524574108,-1
0.197747686134312,-1
0.19773437439699,-1
0.197723188459419,-1
0.197713788602446,-1
0.197705887932339,-1
0.197699244819491,-1
0.197693656184728,-1
0.197688951622683,-1
0.197684988314467,-1
0.197681646661612,-1
0.197678826564515,-1
0.197676444267344,-1
0.197674429694557,-1
0.197672724210007,-1
0.197671278736545,-1
0.197670052181348,-1
0.197669010119328,-1
0.197668123693588,-1
0.197667368697906,-1
0.197666724811531,-1
0.197666174961206,-1
0.197665704789324,-1
0.197665302210553,-1
0.197664957042122,-1
0.197664660695454,-1
0.19766440591885,-1
0.197664186582659,-1
0.197663997499828,-1
