Error,GradientNorm
0.910366274241019,-1
0.799046130271831,-1
0.638660226968316,-1
0.50356941788464,-1
0.451938443227794,-1
0.430376018346155,-1
0.421701905243566,-1
0.418413519909803,-1
0.417170267470581,-1
0.416685347508356,-1
0.416486574055497,-1
0.416399939982342,-1
0.416359578372555,-1
0.416339526153356,-1
0.416328999065995,-1
0.416323231500968,-1
0.416319973910235,-1
0.416318095968882,-1
0.416316998991703,-1
0.416316352869634,-1
0.416315970345724,-1
