Error,GradientNorm
0.0961517739539414,-1
0.00338210386789955,-1
0.000214484568472673,-1
0.0002038543220824,-1
0.000203807059454527,-1
0.000203806821696833,-1
0.000203806820488277,-1
