Error,GradientNorm
0.582159397360657,-1
0.287309657312428,-1
0.199068368615296,-1
0.180717002603093,-1
0.17603747974954,-1
0.174561358723135,-1
0.174011112850523,-1
0.173779732785581,-1
0.173673692575144,-1
0.173621980032583,-1
0.173595599960785,-1
0.17358169725587,-1
0.173574195807208,-1
0.173570078452446,-1
0.173567789943665,-1
0.173566505922117,-1
0.173565780298983,-1
0.173565367933949,-1
0.173565132544753,-1
0.173564997693184,-1
