Error,GradientNorm
0.359724266037328,-1
0.00370321023878904,-1
0.00155160737339102,-1
0.00155095798555273,-1
0.00155095697638336,-1
