Error,GradientNorm
0.625483951773151,-1
0.353438555760592,-1
0.266746355959621,-1
0.235445002151542,-1
0.222687128951598,-1
0.216701515369666,-1
0.213503060138414,-1
0.211582013658453,-1
0.210313581259555,-1
0.209415630946548,-1
0.208749528114981,-1
0.208240814089101,-1
0.207845178727313,-1
0.207533429026667,-1
0.207284821515603,-1
0.207083988651448,-1
0.206919346167802,-1
0.206782119853285,-1
0.206665668132588,-1
0.206564979650259,-1
0.206476293059605,-1
0.206396808084767,-1
0.20632446531139,-1
0.206257777095262,-1
0.206195695951735,-1
0.206137510242776,-1
0.206082759926478,-1
0.206031167538335,-1
0.20598258140898,-1
0.205936929388949,-1
0.205894182087046,-1
0.205854324922553,-1
0.205817338271659,-1
0.205783184801718,-1
0.20575180286802,-1
0.20572310469465,-1
0.205696978023243,-1
0.205673289995815,-1
0.205651892213596,-1
0.205632626141884,-1
0.205615328270764,-1
0.205599834661541,-1
0.205585984690208,-1
0.205573623935025,-1
0.205562606247018,-1
0.205552795096406,-1
0.205544064313494,-1
0.205536298347946,-1
0.205529392163118,-1
0.205523250867958,-1
0.205517789172012,-1
0.205512930731957,-1
0.205508607442298,-1
0.205504758709242,-1
0.2055013307355,-1
0.205498275834789,-1
0.205495551787875,-1
0.205493121246794,-1
0.205490951190154,-1
0.20548901242972,-1
0.205487279166746,-1
0.205485728595346,-1
0.205484340549577,-1
0.205483097190539,-1
0.205481982729777,-1
0.205480983185298,-1
0.205480086166717,-1
0.205479280686291,-1
0.205478556992866,-1
0.20547790642601,-1
0.205477321287942,-1
0.205476794731056,-1
0.205476320659155,-1
0.205475893640663,-1
0.20547550883235,-1
0.205475161912253,-1
0.205474849020631,-1
0.205474566707974,-1
0.205474311889169,-1
0.205474081803068,-1
0.20547387397679,-1
0.205473686194173,-1
