Error,GradientNorm
0.0654399940765305,-1
0.00290507747185896,-1
0.00044542998098544,-1
0.000348258221623675,-1
0.000324576343442185,-1
0.000319684254631992,-1
0.000318734892575377,-1
0.00031855316972804,-1
0.000318518479931907,-1
0.000318511861357795,-1
0.00031851059870753,-1
0.000318510357831663,-1
