Error,GradientNorm
0.842434378189454,-1
0.689828885182729,-1
0.544920593951789,-1
0.465328283879192,-1
0.441717923174772,-1
0.431064674345197,-1
0.425873970257813,-1
0.423288735074587,-1
0.421962999386776,-1
0.421262282945617,-1
0.420882314850404,-1
0.420672228881526,-1
0.420554450743798,-1
0.420487792088625,-1
0.420449824985995,-1
0.420428109148242,-1
0.420415654461092,-1
0.420408498636821,-1
0.420404382545525,-1
0.420402013179763,-1
0.420400648638518,-1
0.420399862543808,-1
0.420399409594972,-1
0.420399148571934,-1
