Error,GradientNorm
0.217601101631684,-1
0.0179101978519406,-1
0.00299070637492587,-1
0.00291156454747587,-1
0.00291099407304068,-1
0.00291098876560545,-1
0.00291098871320441,-1
