Error,GradientNorm
0.0446374627088897,-1
4.2260220244056e-05,-1
3.45810623880347e-06,-1
3.45798709417553e-06,-1
3.45798708591817e-06,-1
