Error,GradientNorm
0.91231879907538,-1
0.874664168299097,-1
0.868731664133571,-1
0.865717151512738,-1
0.863930161961931,-1
0.862885280690873,-1
0.862266597235814,-1
0.861886445740381,-1
0.86164154361586,-1
0.861476121287721,-1
0.861359620575601,-1
0.861274724518575,-1
0.861211184610644,-1
0.861162645914307,-1
0.861124984749697,-1
0.861095412369345,-1
0.861071974098866,-1
0.86105325842945,-1
0.861038221229915,-1
0.861026075279171,-1
0.861016218184076,-1
0.861008183665708,-1
0.861001607582322,-1
0.860996203572299,-1
0.860991745187304,-1
0.860988052538969,-1
0.860984982169874,-1
0.860982419281116,-1
0.860980271714996,-1
0.860978465264632,-1
0.860976939998611,-1
0.860975647369146,-1
0.86097454792919,-1
0.860973609525318,-1
0.860972805863848,-1
