Error,GradientNorm
0.690391089018816,-1
0.415529326477997,-1
0.336304265702398,-1
0.309625653849655,-1
0.298081792886694,-1
0.292495825709331,-1
0.289838241937517,-1
0.288607173208483,-1
0.288043286138706,-1
0.287785135625115,-1
0.287666447247224,-1
0.287611560914463,-1
0.287586029181816,-1
0.287574087683596,-1
0.287568475447194,-1
0.287565826645017,-1
0.28756457187971,-1
0.287563975574774,-1
0.287563691397148,-1
