Error,GradientNorm
0.417381786664751,-1
0.170469087273284,-1
0.0959399921199289,-1
0.078033999135578,-1
0.0732015090634811,-1
0.0714709430930576,-1
0.0707100829639207,-1
0.0703271938848136,-1
0.0701143954974526,-1
0.0699858807426579,-1
0.0699021929660087,-1
0.0698436911241396,-1
0.0697999608284159,-1
0.0697651867641153,-1
0.0697359835801687,-1
0.0697103173680265,-1
0.0696869404868569,-1
0.0696650808344777,-1
0.0696442632903781,-1
0.0696242028500475,-1
0.0696047382318973,-1
0.0695857891949743,-1
0.069567328239822,-1
0.0695493613343621,-1
0.0695319144999934,-1
0.0695150243409461,-1
0.0694987313262324,-1
0.0694830750629848,-1
0.0694680910563579,-1
0.0694538086052294,-1
0.0694402495764443,-1
0.0694274278584581,-1
0.0694153493332286,-1
0.0694040122322047,-1
0.069393407763518,-1
0.0693835209157974,-1
0.0693743313606879,-1
0.0693658143915915,-1
0.0693579418503377,-1
0.0693506830062515,-1
0.0693440053632185,-1
0.06933787537974,-1
0.0693322590945882,-1
0.0693271226566046,-1
0.0693224327615786,-1
0.069318157002189,-1
0.0693142641389297,-1
0.0693107243009738,-1
0.0693075091262811,-1
0.069304591850103,-1
0.0693019473505402,-1
0.0692995521590933,-1
0.0692973844433128,-1
0.0692954239677727,-1
0.0692936520387238,-1
0.0692920514369504,-1
0.0692906063425969,-1
0.0692893022550424,-1
0.0692881259103022,-1
0.0692870651979151,-1
0.0692861090788288,-1
0.06928524750543,-1
0.0692844713445518,-1
0.0692837723040441,-1
0.0692831428632853,-1
0.0692825762078566,-1
0.0692820661684696,-1
0.0692816071641414,-1
0.0692811941495409,-1
0.0692808225663704,-1
0.0692804882986148,-1
0.0692801876314602,-1
0.0692799172136716,-1
0.069279674023209,-1
0.0692794553358625,-1
0.0692792586966871,-1
0.0692790818940234,-1
0.0692789229359035,-1
0.0692787800286435,-1
0.069278651557443,-1
0.0692785360688167,-1
0.0692784322546995,-1
0.0692783389380746,-1
0.0692782550599886,-1
0.0692781796678247,-1
0.0692781119047182,-1
