Error,GradientNorm
0.668838883534072,-1
0.503991961483991,-1
0.446881054043173,-1
0.426057707148768,-1
0.41946529906705,-1
0.417420912540604,-1
0.416752771942975,-1
0.416512027531776,-1
0.416413819839998,-1
0.416368472080846,-1
0.416345344479947,-1
0.416332733193519,-1
0.416325575073174,-1
0.416321419505741,-1
0.416318977067117,-1
0.416317531827472,-1
0.416316673484181,-1
0.416316162656067,-1
0.416315858292738,-1
