Error,GradientNorm
0.889201903180513,-1
0.722990618303891,-1
0.66803540108982,-1
0.64281060322927,-1
0.627531979145199,-1
0.617716657497949,-1
0.61121870659804,-1
0.606789539569628,-1
0.60369751280601,-1
0.601506264384014,-1
0.599939866616678,-1
0.598812771929276,-1
0.597995698018035,-1
0.597397607696592,-1
0.596954496267069,-1
0.59662154478346,-1
0.596367431745183,-1
0.596170242289753,-1
0.596014579849579,-1
0.595889558271457,-1
0.595787419211528,-1
0.595702583741797,-1
0.595631001464083,-1
0.59556970220524,-1
0.595516485521418,-1
0.595469704191589,-1
0.59542811212721,-1
0.595390756706155,-1
0.59535690195779,-1
0.595325973329314,-1
0.595297517659313,-1
0.595271173944161,-1
0.595246651817968,-1
0.595223715582863,-1
0.595202172259635,-1
0.595181862569685,-1
0.59516265406834,-1
0.595144435867777,-1
0.595127114542682,-1
0.595110610922441,-1
0.595094857553046,-1
0.595079796669206,-1
0.595065378558669,-1
0.595051560230948,-1
0.595038304324723,-1
0.595025578204375,-1
0.595013353207995,-1
0.595001604018046,-1
0.59499030813236,-1
0.594979445418045,-1
0.594968997734516,-1
0.594958948614624,-1
0.594949282994969,-1
0.594939986988048,-1
0.594931047690188,-1
0.594922453020136,-1
0.594914191584,-1
0.594906252562823,-1
0.594898625619596,-1
0.594891300822959,-1
0.594884268585145,-1
0.59487751961209,-1
0.594871044863845,-1
0.594864835523684,-1
0.594858882974488,-1
0.594853178781179,-1
0.594847714678132,-1
0.594842482560621,-1
0.594837474479508,-1
0.594832682638483,-1
0.594828099393253,-1
0.594823717252194,-1
0.594819528878037,-1
0.594815527090239,-1
0.594811704867754,-1
0.59480805535196,-1
0.594804571849563,-1
0.594801247835333,-1
0.594798076954537,-1
0.594795053025024,-1
0.59479217003886,-1
0.594789422163515,-1
0.594786803742557,-1
0.59478430929585,-1
0.594781933519281,-1
0.594779671283998,-1
0.594777517635213,-1
0.594775467790575,-1
0.594773517138152,-1
0.59477166123405,-1
0.594769895799713,-1
0.594768216718927,-1
0.594766620034566,-1
0.594765101945119,-1
0.594763658801026,-1
0.594762287100857,-1
0.594760983487354,-1
0.594759744743383,-1
0.594758567787805,-1
0.594757449671289,-1
0.594756387572109,-1
0.594755378791919,-1
0.594754420751541,-1
0.594753510986775,-1
0.59475264714425,-1
0.594751826977323,-1
0.594751048342037,-1
0.594750309193159,-1
0.594749607580286,-1
0.594748941644047,-1
0.594748309612385,-1
0.594747709796951,-1
0.594747140589583,-1
