Error,GradientNorm
0.0738762098445312,-1
0.00181698835476778,-1
0.000228050462078291,-1
0.000222172557512454,-1
0.000221997836409607,-1
0.000221991756934966,-1
0.000221991540557914,-1
