Error,GradientNorm
0.446957493806551,-1
0.124133014800028,-1
0.0624200233105406,-1
0.0532768124340712,-1
0.0520495825398845,-1
0.0518619201381053,-1
0.0518300517922288,-1
0.0518241869172831,-1
0.0518230252737076,-1
0.0518227783593419,-1
0.0518227223154593,-1
0.0518227088384716,-1
