Error,GradientNorm
0.136084438966611,-1
0.0183934790811834,-1
0.00215159466287971,-1
0.00158624826118936,-1
0.00156467388411182,-1
0.0015636905598358,-1
0.00156363985033477,-1
0.00156363711467031,-1
0.00156363696491587,-1
