Error,GradientNorm
0.117616980271493,-1
0.00497004180174771,-1
0.000430345075120638,-1
0.000425457606748295,-1
0.000425438236233096,-1
0.000425438025488947,-1
