Error,GradientNorm
0.231981054009184,-1
0.0964098711776023,-1
0.0182944459615652,-1
0.00941621130065955,-1
0.00816626496138756,-1
0.00776448986040267,-1
0.00762937582717079,-1
0.00758597819550792,-1
0.00757231916927648,-1
0.00756804960663397,-1
0.00756671795654828,-1
0.00756630291127721,-1
0.00756617357916744,-1
0.00756613328077672,-1
0.00756612072453097,-1
0.00756611681225912,-1
