Error,GradientNorm
0.898138705738871,-1
0.816285815090825,-1
0.786930226420597,-1
0.776748613896965,-1
0.772808837283001,-1
0.77106752979057,-1
0.770217390795241,-1
0.769771051199817,-1
0.769523358274652,-1
0.769379867774586,-1
0.769293948784771,-1
0.769241197276456,-1
0.769208197161125,-1
0.769187264484623,-1
0.769173849706665,-1
0.769165187554635,-1
0.76915956285491,-1
0.769155895234864,-1
0.769153496228096,-1
0.769151923275626,-1
0.769150890034195,-1
0.769150210328669,-1
