Error,GradientNorm
0.799947926844383,-1
0.675114136591636,-1
0.634360724212845,-1
0.617259107912991,-1
0.60662507461145,-1
0.599074202738951,-1
0.593483864026607,-1
0.589130605115983,-1
0.585551239325129,-1
0.582490085625722,-1
0.579824482256174,-1
0.577503757773737,-1
0.575507991245521,-1
0.573823226234961,-1
0.572429650293888,-1
0.571298947205207,-1
0.570396693452847,-1
0.569686350574403,-1
0.569132780061628,-1
0.568704500931295,-1
0.568374710887893,-1
0.568121414111846,-1
0.567927029823096,-1
0.567777768511003,-1
0.567662957010285,-1
0.567574409364035,-1
0.567505885003832,-1
0.567452643950922,-1
0.567411092786223,-1
0.567378508630427,-1
0.567352826943437,-1
0.56733247993668,-1
0.567316274311663,-1
0.567303299136325,-1
0.567292856601862,-1
0.567284410040324,-1
0.567277544909064,-1
0.567271939490707,-1
0.567267342862059,-1
0.567263558298529,-1
0.567260430743888,-1
0.567257837323009,-1
0.567255680135357,-1
0.567253880761019,-1
0.567252376055477,-1
0.567251114916781,-1
0.567250055788658,-1
0.567249164722503,-1
0.567248413865386,-1
0.567247780274167,-1
0.56724724498031,-1
