Error,GradientNorm
0.0979183190955711,-1
0.00804378685274692,-1
0.0038654025113818,-1
0.00373186638610537,-1
0.00372373111446692,-1
0.0037231044889728,-1
0.00372304705079462,-1
0.00372304069728947,-1
0.00372303984146933,-1
