Error,GradientNorm
0.88654154544587,-1
0.717400086461026,-1
0.670366212170031,-1
0.648165518638687,-1
0.634682643233703,-1
0.625943749817194,-1
0.620086962972877,-1
0.616071065895935,-1
0.613271676855083,-1
0.611284163839112,-1
0.609835329177542,-1
0.608741930839232,-1
0.607883496865076,-1
0.607181978106483,-1
0.606587330133568,-1
0.606067931912817,-1
0.605604357016195,-1
0.605185218745346,-1
0.604804241729349,-1
0.604458113203409,-1
0.604144934048071,-1
0.603863203350588,-1
0.603611270746732,-1
0.603387148507883,-1
0.603188548846427,-1
0.603013022330858,-1
0.602858109876586,-1
0.60272146254363,-1
0.602600915621821,-1
0.602494521862324,-1
0.602400555679359,-1
0.602317500283785,-1
0.602244026933266,-1
0.602178972192217,-1
0.602121316384388,-1
0.602070164578989,-1
0.602024730380068,-1
0.601984322268491,-1
0.601948332063813,-1
0.601916225069514,-1
0.601887531536696,-1
0.601861839170821,-1
0.601838786486016,-1
0.601818056872622,-1
0.601799373285643,-1
0.601782493488274,-1
0.601767205800033,-1
0.601753325307275,-1
0.601740690497929,-1
0.601729160284334,-1
0.601718611379222,-1
0.601708935991019,-1
0.601700039805961,-1
0.601691840226176,-1
0.601684264834875,-1
0.601677250061958,-1
0.601670740025668,-1
0.601664685528276,-1
0.601659043186058,-1
0.601653774676046,-1
0.601648846084075,-1
0.60164422734053,-1
0.601639891731938,-1
0.601635815478055,-1
0.601631977365496,-1
0.601628358430144,-1
0.601624941681628,-1
0.601621711864107,-1
0.601618655248366,-1
0.601615759450955,-1
0.60161301327667,-1
0.601610406581225,-1
0.601607930151365,-1
0.601605575600107,-1
0.601603335275057,-1
0.601601202178098,-1
0.601599169894927,-1
0.601597232533164,-1
0.601595384667923,-1
0.601593621293864,-1
0.601591937782923,-1
0.601590329846974,-1
0.601588793504816,-1
0.601587325052936,-1
0.601585921039587,-1
0.601584578241764,-1
0.601583293644725,-1
0.601582064423757,-1
0.601580887927904,-1
0.601579761665431,-1
0.601578683290814,-1
0.601577650593078,-1
0.601576661485328,-1
0.601575713995327,-1
0.601574806257013,-1
0.601573936502833,-1
0.601573103056816,-1
0.601572304328293,-1
0.601571538806195,-1
0.601570805053869,-1
0.601570101704345,-1
0.601569427456019,-1
0.601568781068701,-1
0.601568161359989,-1
0.601567567201929,-1
