Error,GradientNorm
0.411413043890666,-1
0.0123050087234815,-1
0.00155335457558417,-1
0.00155095893879112,-1
0.00155095697840012,-1
0.00155095697419572,-1
