Error,GradientNorm
0.0860329968404279,-1
0.0153634921392017,-1
0.000716481383952475,-1
0.000619257444337266,-1
0.000618242255005387,-1
0.000618218771201753,-1
0.000618218165900681,-1
