Error,GradientNorm
0.0815387084902803,-1
0.0028952785226743,-1
0.000165764058393921,-1
0.000135748710782057,-1
0.000131316040963929,-1
0.000130667390809298,-1
0.000130574514592361,-1
0.00013056126626789,-1
0.000130559377531168,-1
0.000130559108287041,-1
0.000130559069906073,-1
