Error,GradientNorm
0.712789989244926,-1
0.470368853232986,-1
0.400926697375484,-1
0.375497418057166,-1
0.366087841144003,-1
0.362576281177455,-1
0.361258430511436,-1
0.360762127286609,-1
0.360574785484115,-1
0.360503955730267,-1
0.360477145568205,-1
0.360466988041232,-1
0.360463136341814,-1
0.360461674455882,-1
0.360461119025369,-1
0.360460907729436,-1
