Error,GradientNorm
0.938470288508123,-1
0.862475790637886,-1
0.798044073858437,-1
0.762033244825357,-1
0.747914030935726,-1
0.742090419458962,-1
0.739279493036579,-1
0.73772447547148,-1
0.736764185776726,-1
0.736116160077392,-1
0.735648726220924,-1
0.735295929845689,-1
0.735022075758513,-1
0.734806056644248,-1
0.734634198420601,-1
0.734496907353143,-1
0.73438704406083,-1
0.734299091244638,-1
0.73422869233711,-1
0.734172369139613,-1
0.734127331020815,-1
0.734091335339368,-1
0.73406257985316,-1
0.734039617314442,-1
0.734021286712604,-1
0.73400665761958,-1
0.733994985098987,-1
0.733985673215183,-1
0.733978245558739,-1
0.733972321488814,-1
0.733967597021057,-1
0.733963829479085,-1
0.733960825186321,-1
0.733958429607785,-1
0.733956519461876,-1
0.733954996413433,-1
0.733953782034257,-1
0.733952813778358,-1
0.733952041768886,-1
0.733951426233825,-1
