Error,GradientNorm
0.818273017618671,-1
0.585276191993186,-1
0.438786091693565,-1
0.383146096394209,-1
0.367387716297602,-1
0.362889680759962,-1
0.361402597000329,-1
0.360846855810211,-1
0.36062403124201,-1
0.36053120207097,-1
0.360491615792011,-1
0.360474449560716,-1
0.36046690401516,-1
0.360463548446161,-1
0.360462040883464,-1
0.360461357498713,-1
0.360461045307482,-1
