Error,GradientNorm
0.734662138965024,-1
0.617396109581793,-1
0.597245579737507,-1
0.591357136630775,-1
0.589066708745005,-1
0.588062258180859,-1
0.587602265843693,-1
0.587387888112445,-1
0.587287009602675,-1
0.587239191717545,-1
0.587216373147154,-1
0.587205411460607,-1
0.587200109578721,-1
0.587197527040601,-1
0.587196259894353,-1
0.58719563349488,-1
0.587195321482041,-1
