Error,GradientNorm
0.0871147304673045,-1
0.0112255280097403,-1
0.00160628014966334,-1
0.00108105942782342,-1
0.000940570209032311,-1
0.000886526417714264,-1
0.000866687322977037,-1
0.000859733852449734,-1
0.00085734365045859,-1
0.000856526557044145,-1
0.000856247235181744,-1
0.000856151565091424,-1
0.000856118714509538,-1
0.00085610740480295,-1
0.000856103501153583,-1
0.000856102150499419,-1
0.000856101682112423,-1
