Error,GradientNorm
0.215785020944575,-1
0.0805166510613622,-1
0.00731100107259922,-1
0.00406774475540328,-1
0.00399969458153458,-1
0.00399807119814715,-1
0.00399802718149752,-1
0.00399802589771081,-1
