Error,GradientNorm
0.577159473251287,-1
0.336473306671724,-1
0.267147473259668,-1
0.234468236511199,-1
0.213430487721006,-1
0.200732521579156,-1
0.19417876905356,-1
0.191187297799843,-1
0.189897167196024,-1
0.189348621916301,-1
0.189114326018386,-1
0.189013147364523,-1
0.188968902713189,-1
0.188949309414904,-1
0.188940523541528,-1
0.188936533610195,-1
0.188934697627724,-1
0.188933840929279,-1
0.18893343520295,-1
0.188933240011124,-1
0.188933144553162,-1
