Error,GradientNorm
0.66205210864251,-1
0.567759452378155,-1
0.543518902674153,-1
0.529195190886502,-1
0.520086473094092,-1
0.514381166580819,-1
0.51080304747084,-1
0.508479169606068,-1
0.506870164174882,-1
0.505664874428934,-1
0.504691463029341,-1
0.503858178084286,-1
0.503117693208123,-1
0.502446601252184,-1
0.50183388351985,-1
0.501274528629752,-1
0.500766077953058,-1
0.500306832213516,-1
0.499894997871131,-1
0.499528356847745,-1
0.499204215811234,-1
0.498919491543742,-1
0.498670849044599,-1
0.498454845945404,-1
0.498268059647944,-1
0.498107187471386,-1
0.4979691181404,-1
0.49785097720775,-1
0.497750150881918,-1
0.497664293184591,-1
0.497591321040913,-1
0.497529401223979,-1
0.497476932286113,-1
0.49743252385277,-1
0.497394974997097,-1
0.497363252877022,-1
0.497336472400071,-1
0.497313877370084,-1
0.497294823346239,-1
0.497278762289822,-1
0.497265228971588,-1
0.497253829048419,-1
0.497244228681477,-1
0.497236145550602,-1
0.497229341115116,-1
0.497223613974822,-1
0.497218794193585,-1
0.497214738459165,-1
0.497211325965458,-1
0.497208454915902,-1
0.497206039559013,-1
0.497204007678349,-1
0.497202298469568,-1
0.497200860746527,-1
0.497199651426578,-1
0.497198634252435,-1
0.497197778714235,-1
0.497197059140857,-1
0.497196453934205,-1
0.497195944924168,-1
0.497195516825385,-1
