Error,GradientNorm
0.120532386387448,-1
0.00230484086165535,-1
0.000535259635416425,-1
0.000533643255154844,-1
0.000533627483018714,-1
0.000533627200827147,-1
