Error,GradientNorm
0.647990653634027,-1
0.458424050455038,-1
0.389796155919228,-1
0.358267294034842,-1
0.343197877210737,-1
0.336031821087858,-1
0.332386257004221,-1
0.330237789276541,-1
0.328769008739727,-1
0.327666389564949,-1
0.326806792520433,-1
0.326133556394701,-1
0.325611191139094,-1
0.325211021560205,-1
0.324907954506828,-1
0.324680387801224,-1
0.324510454993278,-1
0.324383923639931,-1
0.324289780116837,-1
0.324219675266783,-1
0.324167366233149,-1
0.324128224924943,-1
0.324098836672559,-1
0.324076687211332,-1
0.324059925441293,-1
0.32404718680295,-1
0.324037463200122,-1
0.324030007789119,-1
0.324024265492175,-1
0.32401982232146,-1
0.324016368392242,-1
0.32401367087818,-1
0.324011554186726,-1
0.324009885384195,-1
0.324008563445861,-1
0.324007511300487,-1
0.324006669922633,-1
0.32400599393048,-1
0.324005448294222,-1
0.324005005866502,-1
0.324004645523366,-1
0.324004350760168,-1
