Error,GradientNorm
0.44933258159337,-1
0.162066494936283,-1
0.0936703563225388,-1
0.0768486595550217,-1
0.0716672264985284,-1
0.0694716003562697,-1
0.0683036939478191,-1
0.0675944877490127,-1
0.0671354433151019,-1
0.0668288823799943,-1
0.0666195513870957,-1
0.0664734885991895,-1
0.0663693153883696,-1
0.0662934388546093,-1
0.0662371024224486,-1
0.0661945593701012,-1
0.066161954527457,-1
0.066136642043192,-1
0.0661167661123227,-1
0.0661009992030913,-1
0.0660883751543767,-1
0.0660781802557588,-1
0.0660698804841182,-1
0.0660630718087671,-1
0.0660574455661241,-1
0.0660527639054282,-1
0.0660488421080161,-1
0.0660455356870169,-1
0.0660427308671374,-1
0.0660403374889783,-1
0.0660382836742429,-1
0.0660365117837495,-1
0.0660349753336061,-1
0.0660336366274788,-1
0.0660324649280364,-1
0.06603143503709,-1
0.0660305261874222,-1
0.0660297211736585,-1
0.0660290056674238,-1
0.066028367675264,-1
0.0660277971076784,-1
0.0660272854350049,-1
0.0660268254114842,-1
0.0660264108530601,-1
0.0660260364577023,-1
0.0660256976595058,-1
0.0660253905097244,-1
0.0660251115793616,-1
0.0660248578790799,-1
0.0660246267930754,-1
0.0660244160242549,-1
0.0660242235485957,-1
0.0660240475769913,-1
0.0660238865232258,-1
0.0660237389769809,-1
0.0660236036809949,-1
0.0660234795116561,-1
0.066023365462451,-1
0.0660232606297929,-1
0.0660231642008428,-1
0.0660230754430038,-1
0.0660229936948282,-1
0.0660229183581188,-1
0.0660228488910459,-1
0.0660227848021293,-1
