Error,GradientNorm
0.226235800100006,-1
0.0246119041580522,-1
0.00634515566846464,-1
0.00615107930546045,-1
0.00614053703167203,-1
0.0061395427229927,-1
0.00613944234842497,-1
0.0061394320927031,-1
0.00613943104210668,-1
