Error,GradientNorm
0.325228876399601,-1
0.0366400492265795,-1
0.0136483149126738,-1
0.0133678951791681,-1
0.0133270772131107,-1
0.0133182584610247,-1
0.0133163474689618,-1
0.0133159336066467,-1
0.0133158439895578,-1
0.0133158245846203,-1
0.0133158203828653,-1
