Error,GradientNorm
0.785629271486148,-1
0.500671564061564,-1
0.397632623363977,-1
0.345339565453478,-1
0.32304481700514,-1
0.314437861682089,-1
0.310096032453562,-1
0.306980406966461,-1
0.304288618748531,-1
0.301904945226958,-1
0.299892073649429,-1
0.298300515249563,-1
0.297116487007302,-1
0.296277229671929,-1
0.295702878535959,-1
0.295319138003221,-1
0.295066732864269,-1
0.29490233162696,-1
0.294795874017874,-1
0.294727160356746,-1
0.294682877586132,-1
0.294654353040198,-1
0.294635975343661,-1
0.294624127519509,-1
0.294616482496701,-1
0.294611544106077,-1
0.294608350325974,-1
0.29460628224818,-1
0.294604941368736,-1
0.294604070834983,-1
0.294603504905584,-1
0.294603136501397,-1
0.294602896355361,-1
