Error,GradientNorm
0.698338813224907,-1
0.414831937326137,-1
0.271479580872435,-1
0.231635824419756,-1
0.221673772413819,-1
0.216701488102645,-1
0.212275568396025,-1
0.207597834962495,-1
0.202812349996511,-1
0.198390970279068,-1
0.194749580209183,-1
0.192041530065259,-1
0.190180705964824,-1
0.188971459721932,-1
0.188214134669229,-1
0.187750816693189,-1
0.187471431890715,-1
0.187304429349587,-1
0.187205126522924,-1
0.187146263860759,-1
0.187111437314968,-1
0.187090854617059,-1
0.187078698047881,-1
0.187071520892458,-1
0.187067284513842,-1
0.187064784290751,-1
0.187063308827977,-1
0.187062438150358,-1
0.18706192437357,-1
0.187061621204789,-1
0.187061442313051,-1
