Error,GradientNorm
0.103474664626233,-1
0.012699156642118,-1
0.00160665175070426,-1
0.00110325017006181,-1
0.00106783070881749,-1
0.00106474416609499,-1
0.00106442946221353,-1
0.0010643927160993,-1
0.00106438786590271,-1
0.00106438716080983,-1
