Error,GradientNorm
0.756588699481353,-1
0.639493590875383,-1
0.602569019476559,-1
0.581244789290938,-1
0.568198245834642,-1
0.560130372587405,-1
0.554949495788195,-1
0.551495381444542,-1
0.549121481279257,-1
0.547445241729313,-1
0.546231544447339,-1
0.545332577668675,-1
0.544653275724944,-1
0.544130868840622,-1
0.543722781159948,-1
0.543399420658562,-1
0.543139793520738,-1
0.542928754710697,-1
0.542755226906175,-1
0.542611011527084,-1
0.542489975062671,-1
0.542387481408003,-1
0.542299990065757,-1
0.542224768664747,-1
0.542159685571028,-1
0.542103059287136,-1
0.542053548463195,-1
0.542010071132927,-1
0.541971745078818,-1
0.541937843530816,-1
0.541907762030127,-1
0.541880993450536,-1
0.541857109002482,-1
0.541835743644653,-1
0.541816584760281,-1
0.541799363267517,-1
0.541783846558753,-1
0.541769832826614,-1
0.541757146452034,-1
0.541745634214894,-1
0.541735162149308,-1
0.541725612910293,-1
0.541716883551067,-1
0.541708883633985,-1
0.541701533615576,-1
0.541694763459054,-1
0.541688511437366,-1
0.541682723097074,-1
0.541677350358966,-1
0.54167235073556,-1
0.541667686649028,-1
0.541663324835739,-1
0.541659235825759,-1
0.541655393487388,-1
0.541651774628241,-1
0.541648358645592,-1
0.541645127219674,-1
0.541642064044509,-1
0.541639154591527,-1
0.541636385901879,-1
0.541633746403861,-1
0.541631225752346,-1
0.541628814687485,-1
0.541626504910315,-1
0.541624288973201,-1
0.541622160183278,-1
0.541620112517329,-1
0.541618140546689,-1
0.541616239370965,-1
0.541614404559509,-1
0.541612632099707,-1
0.541610918351253,-1
0.541609260005716,-1
0.541607654050743,-1
0.541606097738363,-1
0.541604588556892,-1
0.541603124206033,-1
0.541601702574773,-1
0.541600321721767,-1
0.541598979857911,-1
0.541597675330845,-1
0.541596406611178,-1
0.541595172280218,-1
0.541593971019049,-1
0.541592801598793,-1
0.541591662871925,-1
0.541590553764528,-1
0.541589473269363,-1
0.54158842043969,-1
0.541587394383736,-1
0.541586394259738,-1
0.541585419271519,-1
0.541584468664507,-1
0.541583541722178,-1
0.541582637762853,-1
0.54158175613683,-1
0.5415808962238,-1
0.541580057430528,-1
0.54157923918876,-1
0.54157844095334,-1
0.541577662200516,-1
0.541576902426402,-1
0.541576161145598,-1
0.54157543788994,-1
0.541574732207363,-1
0.541574043660881,-1
0.541573371827653,-1
0.54157271629814,-1
0.541572076675342,-1
0.541571452574092,-1
0.541570843620431,-1
0.541570249451016,-1
0.541569669712603,-1
0.541569104061551,-1
0.541568552163389,-1
0.541568013692398,-1
