Error,GradientNorm
0.0581104799172107,-1
0.00239304036322265,-1
8.3800697689977e-05,-1
6.58474650371966e-05,-1
6.53693330135458e-05,-1
6.5351819215198e-05,-1
6.53510638070964e-05,-1
6.53510288636651e-05,-1
