Error,GradientNorm
0.3097070213321,-1
0.174995455742037,-1
0.0644764622731755,-1
0.0238568253187721,-1
0.0213975837811828,-1
0.0213036129546631,-1
0.0212996290445524,-1
0.021299448576491,-1
0.0212994401164437,-1
