Error,GradientNorm
0.993771400492097,-1
0.894298759649839,-1
0.805204636632892,-1
0.800677622925478,-1
0.799958163541954,-1
0.799559111729688,-1
0.799296747662815,-1
0.799111612910226,-1
0.798971636848486,-1
0.798859101174351,-1
0.798764117814358,-1
0.798681067128005,-1
0.798606687778258,-1
0.798539048072132,-1
0.79847698077959,-1
0.798419763714446,-1
0.798366933677534,-1
0.798318175252046,-1
0.798273253354284,-1
0.798231972448893,-1
0.798194152586956,-1
0.798159616274789,-1
0.798128182317856,-1
0.798099664049876,-1
0.798073870167157,-1
0.798050606944578,-1
0.7980296810104,-1
0.798010902151224,-1
0.7979940858329,-1
0.797979055275657,-1
0.797965643025596,-1
0.797953692031288,-1
0.797943056273209,-1
0.797933601013025,-1
0.797925202735853,-1
0.797917748856386,-1
0.797911137252874,-1
0.79790527568375,-1
0.797900081132005,-1
0.797895479113072,-1
0.797891402973639,-1
0.797887793201624,-1
0.797884596761665,-1
0.797881766465677,-1
0.797879260384357,-1
0.797877041302667,-1
0.797875076220242,-1
0.797873335896163,-1
0.797871794436516,-1
0.797870428922453,-1
0.797869219076095,-1
0.79786814696139,-1
0.797867196717004,-1
0.797866354318333,-1
0.797865607365878,-1
