Error,GradientNorm
0.175001695055593,-1
0.020541674597683,-1
0.00411123003314767,-1
0.00399960959804146,-1
0.00399806940274333,-1
0.00399802719619588,-1
0.00399802589945564,-1
