Error,GradientNorm
0.979808230517228,-1
0.858094320893204,-1
0.770945661545643,-1
0.758669255788046,-1
0.756358729911355,-1
0.755433571019403,-1
0.754898312098395,-1
0.754534521741778,-1
0.7542599718194,-1
0.754034518452132,-1
0.753835925402364,-1
0.753650924715362,-1
0.753471253820336,-1
0.753291698525602,-1
0.753109045908736,-1
0.752921486393834,-1
0.752728251116715,-1
0.752529375663528,-1
0.752325530306342,-1
0.752117882499802,-1
0.751907972597549,-1
0.751697593768398,-1
0.751488674030619,-1
0.751283162926449,-1
0.751082927883635,-1
0.750889665950831,-1
0.750704835680718,-1
0.750529611973,-1
0.750364864277645,-1
0.750211156263767,-1
0.750068763301502,-1
0.74993770309667,-1
0.749817774571847,-1
0.749708600464447,-1
0.749609669899113,-1
0.749520378166835,-1
0.749440061924188,-1
0.749368028889343,-1
0.749303581793569,-1
0.749246036832054,-1
0.749194737162326,-1
0.749149062155394,-1
0.749108433152019,-1
0.749072316450082,-1
0.749040224178716,-1
0.749011713623078,-1
0.748986385466121,-1
0.748963881320282,-1
0.748943880838228,-1
0.74892609862008,-1
0.748910281075398,-1
0.748896203350829,-1
0.748883666397413,-1
0.748872494223463,-1
0.748862531358115,-1
0.748853640535632,-1
0.748845700600048,-1
0.748838604622656,-1
0.748832258220421,-1
0.748826578060797,-1
0.748821490537204,-1
0.748816930599183,-1
0.748812840721572,-1
0.74880916999784,-1
0.748805873343721,-1
0.748802910798433,-1
0.748800246911922,-1
0.748797850207775,-1
0.748795692712499,-1
0.748793749542973,-1
0.748791998544764,-1
0.74879041997494,-1
0.748788996223738,-1
0.748787711570172,-1
0.748786551967295,-1
0.748785504853345,-1
0.748784558985514,-1
0.748783704293493,-1
0.748782931750304,-1
0.748782233258272,-1
