Error,GradientNorm
0.631042545421741,-1
0.485236912530895,-1
0.418006055594466,-1
0.3806119516298,-1
0.35580534087254,-1
0.3387854607523,-1
0.329440563670503,-1
0.325190309653232,-1
0.323387216150485,-1
0.322621411832784,-1
0.32228720798088,-1
0.322136610820955,-1
0.322066733849891,-1
0.322033504923839,-1
0.322017384852416,-1
0.322009437857181,-1
0.322005468834277,-1
0.322003465443131,-1
0.322002445338722,-1
0.322001922099501,-1
0.322001652043246,-1
