Error,GradientNorm
0.44867983171123,-1
0.162235089479847,-1
0.0931194012082385,-1
0.0767578407724782,-1
0.0719335596830998,-1
0.0698639384608439,-1
0.0687592197650234,-1
0.0681006359742499,-1
0.0676791963316694,-1
0.0673935832019189,-1
0.0671900013161234,-1
0.0670384250072137,-1
0.0669215104481541,-1
0.0668289189993506,-1
0.0667542510996818,-1
0.0666933432384746,-1
0.0666433165626031,-1
0.0666020518840594,-1
0.0665679059277923,-1
0.0665395598008937,-1
0.0665159362450704,-1
0.0664961505781191,-1
0.0664794773704064,-1
0.0664653245500917,-1
0.0664532115511885,-1
0.0664427503300722,-1
0.066433628902978,-1
0.0664255972681953,-1
0.0664184555658016,-1
0.0664120442696968,-1
0.0664062361641801,-1
0.066400929843341,-1
0.0663960444810149,-1
0.0663915156429081,-1
0.0663872919428831,-1
0.0663833323769445,-1
0.0663796041980635,-1
0.0663760812210907,-1
0.0663727424691715,-1
0.0663695710913608,-1
0.0663665534959355,-1
0.0663636786557126,-1
0.0663609375509978,-1
0.0663583227230917,-1
0.066355827916966,-1
0.0663534477961408,-1
0.0663511777162168,-1
0.0663490135461791,-1
0.0663469515286608,-1
0.0663449881719783,-1
0.0663431201680331,-1
0.0663413443311995,-1
0.0663396575541448,-1
0.0663380567772002,-1
0.0663365389684659,-1
0.0663351011122974,-1
0.0663337402042173,-1
0.0663324532506343,-1
0.0663312372720376,-1
0.0663300893085833,-1
0.0663290064271982,-1
0.06632798572951,-1
0.0663270243600613,-1
0.0663261195143989,-1
0.066325268446733,-1
0.0663244684769538,-1
0.0663237169968627,-1
0.0663230114755362,-1
0.0663223494637857,-1
0.0663217285977118,-1
0.0663211466013802,-1
0.066320601288665,-1
0.0663200905643173,-1
0.0663196124243291,-1
0.0663191649556635,-1
0.0663187463354257,-1
0.0663183548295484,-1
0.0663179887910626,-1
0.0663176466580198,-1
0.0663173269511294,-1
0.0663170282711674,-1
0.0663167492962089,-1
0.0663164887787317,-1
0.0663162455426305,-1
0.0663160184801794,-1
0.0663158065489733,-1
0.066315608768875,-1
0.0663154242189914,-1
0.0663152520346966,-1
0.0663150914047191,-1
0.0663149415683038,-1
0.0663148018124609,-1
0.0663146714693073,-1
0.0663145499135074,-1
0.0663144365598164,-1
0.0663143308607291,-1
0.0663142323042346,-1
0.0663141404116773,-1
0.0663140547357228,-1
0.0663139748584276,-1
0.0663139003894103,-1
0.0663138309641211,-1
0.0663137662422071,-1
