Error,GradientNorm
0.189142543549679,-1
0.00951433622665485,-1
0.00139537237399496,-1
0.0013560296499962,-1
0.00135544927552206,-1
0.00135543597246754,-1
0.00135543565076035,-1
