Error,GradientNorm
0.0964811801510068,-1
0.014830387259547,-1
0.000624038288179297,-1
0.000534081460532196,-1
0.000533632534632396,-1
0.000533627274305053,-1
0.000533627196511749,-1
