Error,GradientNorm
0.131323521325794,-1
0.027604555084555,-1
0.00139286646841503,-1
0.000879685493600972,-1
0.000870052766309061,-1
0.000869286029123781,-1
0.000869215743709587,-1
0.000869209269837684,-1
0.000869208673461071,-1
