Error,GradientNorm
0.928233520154528,-1
0.796030125153693,-1
0.715829721500016,-1
0.67799219212002,-1
0.64301471740703,-1
0.61102501127522,-1
0.594886387602896,-1
0.589431358262143,-1
0.587838025226135,-1
0.58738520296932,-1
0.587254286093846,-1
0.587214883965897,-1
0.587202292650253,-1
0.587197940195606,-1
0.587196292310277,-1
0.587195608633968,-1
0.587195301496458,-1
