Error,GradientNorm
0.142347024666268,-1
0.00782684148671163,-1
0.00204904821101134,-1
0.00198448332578403,-1
0.00198224207150775,-1
0.00198214976246508,-1
0.00198214566732051,-1
0.00198214547525965,-1
