Error,GradientNorm
0.838476892625257,-1
0.772953771965212,-1
0.765964004777126,-1
0.762760134027674,-1
0.76041603165409,-1
0.758510183141913,-1
0.756910335348952,-1
0.755559276698727,-1
0.754428493398657,-1
0.753497736613745,-1
0.752745957610508,-1
0.752149354760736,-1
0.75168281198373,-1
0.751322073916961,-1
0.751045379541634,-1
0.750834258003354,-1
0.750673648842013,-1
0.750551617715798,-1
0.750458893122004,-1
0.750388367991734,-1
0.750334641262594,-1
0.750293629486995,-1
0.75026225347409,-1
0.750238193126979,-1
0.75021969938384,-1
0.750205451766302,-1
0.750194451305049,-1
0.750185940404882,-1
0.750179342986741,-1
0.750174219784951,-1
0.750170234928369,-1
0.7501671309099,-1
0.750164709792354,-1
0.750162819056477,-1
0.75016134091172,-1
0.750160184196818,-1
0.7501592782232,-1
0.750158568080647,-1
