Error,GradientNorm
0.769082818357716,-1
0.484077816285695,-1
0.416523997897772,-1
0.38585317165807,-1
0.370232734859996,-1
0.361801486291213,-1
0.356977313004937,-1
0.354044157960231,-1
0.352157784355104,-1
0.350884329239941,-1
0.349987474059412,-1
0.349331728731964,-1
0.348836329175776,-1
0.348451543307502,-1
0.348145752025469,-1
0.347898156823103,-1
0.347694581130726,-1
0.34752501681765,-1
0.347382166876081,-1
0.347260560874162,-1
0.347156002655629,-1
0.34706521365655,-1
0.346985594130112,-1
0.346915057757572,-1
0.346851913706373,-1
0.346794780602031,-1
0.346742522762939,-1
0.346694202442143,-1
0.34664904384005,-1
0.346606405897978,-1
0.346565761679016,-1
0.346526682668505,-1
0.346488826684094,-1
0.346451928337717,-1
0.346415791180944,-1
0.346380280820475,-1
0.346345318433071,-1
0.346310874252243,-1
0.346276960748335,-1
0.346243625377525,-1
0.346210942925499,-1
0.346179007605253,-1
0.346147925171591,-1
0.346117805375622,-1
0.346088755094599,-1
0.346060872436885,-1
0.346034242047414,-1
0.346008931739712,-1
0.345984990473217,-1
0.345962447595089,-1
0.345941313186106,-1
0.345921579297666,-1
0.345903221842861,-1
0.345886202906307,-1
0.345870473258964,-1
0.345855974898739,-1
0.345842643478298,-1
0.345830410522639,-1
0.345819205376569,-1
0.34580895685385,-1
0.345799594584388,-1
0.345791050073636,-1
0.345783257499861,-1
0.3457761542814,-1
0.345769681448496,-1
0.34576378385396,-1
0.345758410254718,-1
0.345753513292979,-1
0.345749049401971,-1
0.345744978657268,-1
0.345741264591006,-1
0.34573787398286,-1
0.345734776638707,-1
0.34573194516527,-1
0.345729354746994,-1
0.345726982929583,-1
0.345724809413312,-1
0.345722815858062,-1
0.34572098570124,-1
0.345719303989081,-1
0.345717757221367,-1
0.34571633320926,-1
0.345715020945727,-1
0.345713810487864,-1
0.345712692850358,-1
0.345711659909266,-1
0.345710704315303,-1
0.345709819415807,-1
0.34570899918462,-1
0.345708238159147,-1
0.345707531383891,-1
0.345706874359837,-1
0.345706262999084,-1
0.345705693584202,-1
0.34570516273181,-1
0.345704667359942,-1
0.345704204658798,-1
0.345703772064522,-1
0.345703367235679,-1
0.345702988032154,-1
0.3457026324962,-1
0.345702298835416,-1
