Error,GradientNorm
0.426593325053818,-1
0.182964166403159,-1
0.10373317855121,-1
0.0798966928590737,-1
0.0729238271115241,-1
0.070004139950139,-1
0.0684937397467981,-1
0.067639538366985,-1
0.0671407838514048,-1
0.0668468949034273,-1
0.0666734928012468,-1
0.0665712578954909,-1
0.0665110357598495,-1
0.0664755808473511,-1
0.0664547112304257,-1
0.0664424262077875,-1
0.0664351932108287,-1
0.0664309336539402,-1
0.0664284245624523,-1
0.0664269462517902,-1
0.0664260750902231,-1
0.066425561636581,-1
0.0664252589731005,-1
0.0664250805448807,-1
0.0664249753481489,-1
0.0664249133229113,-1
