Error,GradientNorm
0.0727323175754081,-1
8.3006565459913e-05,-1
2.17500239244979e-05,-1
2.17490876264527e-05,-1
2.17490874713268e-05,-1
