Error,GradientNorm
0.0521924222864795,-1
0.00292951524286975,-1
0.000247970654354267,-1
0.000208508127590981,-1
0.000203407944814111,-1
0.000202593933906649,-1
0.000202451908181284,-1
0.000202422726498757,-1
0.000202415218642986,-1
0.000202412836473794,-1
0.00020241197204502,-1
0.000202411636972448,-1
0.00020241150338374,-1
