Error,GradientNorm
0.0548504050841991,-1
0.000913066305708405,-1
5.91044539168998e-05,-1
5.73673302667035e-05,-1
5.73569514998858e-05,-1
5.73568570782155e-05,-1
5.73568561238209e-05,-1
