Error,GradientNorm
0.433381212225151,-1
0.161005922057219,-1
0.101659722748956,-1
0.0886031719202764,-1
0.0833651525199563,-1
0.0803113853893701,-1
0.0784146674432067,-1
0.0772623918454082,-1
0.0765711306860592,-1
0.0761523851315285,-1
0.0758920038788906,-1
0.0757241899891603,-1
0.0756115787631322,-1
0.0755328400261572,-1
0.075475592113051,-1
0.0754324776357485,-1
0.0753990028432221,-1
0.0753723392079016,-1
0.0753506491630019,-1
0.0753326998731895,-1
0.0753176375262198,-1
0.0753048525855227,-1
0.0752938975182752,-1
0.0752844353647126,-1
0.075276206784287,-1
0.0752690083932433,-1
0.0752626781473635,-1
0.0752570852176103,-1
0.0752521227975613,-1
0.0752477028701547,-1
0.0752437523160925,-1
0.0752402099634527,-1
0.0752370243131692,-1
0.075234151760542,-1
0.0752315551880512,-1
0.0752292028409848,-1
0.075227067421717,-1
0.0752251253551636,-1
0.0752233561896497,-1
0.0752217421058161,-1
0.0752202675123247,-1
0.0752189187117044,-1
0.0752176836231414,-1
0.0752165515516898,-1
0.0752155129954525,-1
0.0752145594839196,-1
0.075213683441943,-1
0.0752128780748654,-1
0.07521213727115,-1
0.0752114555195263,-1
0.0752108278382111,-1
0.0752102497142023,-1
0.0752097170509992,-1
0.0752092261233954,-1
0.0752087735382265,-1
0.0752083562001503,-1
0.0752079712816927,-1
0.0752076161969256,-1
0.0752072885782478,-1
0.0752069862558279,-1
0.0752067072393391,-1
0.0752064497016776,-1
0.0752062119644022,-1
0.0752059924846748,-1
0.0752057898435156,-1
0.0752056027352122,-1
0.075205429957748,-1
0.0752052704041322,-1
0.0752051230545316,-1
0.075204986969116,-1
0.0752048612815428,-1
0.0752047451930148,-1
0.0752046379668525,-1
0.0752045389235318,-1
0.0752044474361408,-1
0.0752043629262172,-1
0.075204284859931,-1
0.07520421274458,-1
