Error,GradientNorm
0.0788502064993903,-1
0.00371988973655607,-1
0.00027874509074885,-1
0.000233501924754165,-1
0.000231692143133093,-1
0.000231616828030177,-1
0.000231613659603291,-1
0.000231613525916924,-1
