Error,GradientNorm
0.148551268619432,-1
0.0394551133520736,-1
0.00499847315067456,-1
0.00209009645252104,-1
0.00198564195985393,-1
0.00198226915215691,-1
0.00198215014044241,-1
0.00198214565387401,-1
0.00198214547347953,-1
