Error,GradientNorm
0.116237590424264,-1
0.0127434700289265,-1
0.00299169198409403,-1
0.00261339547249233,-1
0.00231963966524938,-1
0.0017154198449142,-1
0.00124217367249801,-1
0.0010981841224233,-1
0.00107020072984382,-1
0.00106536900299125,-1
0.00106455245567311,-1
0.0010644148930981,-1
0.00106439172374746,-1
0.00106438782098441,-1
0.00106438716352431,-1
