Error,GradientNorm
0.920074128181574,-1
0.767366280464133,-1
0.62910968520768,-1
0.585385364173193,-1
0.575989821733719,-1
0.573829679939899,-1
0.57312435113493,-1
0.57278272121664,-1
0.572577076150703,-1
0.572443019927201,-1
0.572353107340866,-1
0.572291926827292,-1
0.572249809814015,-1
0.572220467211758,-1
0.572199755668069,-1
0.572184927532383,-1
0.572174150670651,-1
0.572166196009656,-1
0.572160233092157,-1
0.57215569595945,-1
0.572152194991379,-1
0.572149458823098,-1
0.572147295965943,-1
0.572145569352645,-1
0.572144179373832,-1
0.572143052505827,-1
0.572142133631177,-1
0.572141380807375,-1
0.57214076166661,-1
0.572140250908695,-1
