Error,GradientNorm
0.393069683949232,-1
0.054928109520256,-1
0.0194703008457878,-1
0.0180862280966476,-1
0.01801999886759,-1
0.0180157073989623,-1
0.0180153711185929,-1
0.0180153423630433,-1
0.0180153398202004,-1
