Error,GradientNorm
0.117460742654332,-1
0.0171704019722746,-1
0.00194744108335762,-1
0.00157704801067095,-1
0.00156165181804603,-1
0.00155987871460934,-1
0.00155960933536316,-1
0.00155956634160063,-1
0.00155955941663945,-1
0.00155955829888451,-1
