Error,GradientNorm
0.764814322891815,-1
0.638902150845805,-1
0.602746949134182,-1
0.584699596669508,-1
0.573660917655445,-1
0.566025325828347,-1
0.560393091353066,-1
0.556206563547513,-1
0.553179904771972,-1
0.551052977477488,-1
0.549570417962952,-1
0.548522903808787,-1
0.547762277010633,-1
0.54719186234979,-1
0.546750664247116,-1
0.546400313031914,-1
0.546116263078093,-1
0.545882338501013,-1
0.545687473303389,-1
0.545523787240976,-1
0.545385448505388,-1
0.545267993550796,-1
0.545167911634986,-1
0.545082383291462,-1
0.545009109351965,-1
0.544946194299744,-1
0.544892063173827,-1
0.544845399980463,-1
0.544805100503579,-1
0.544770235202339,-1
0.544740019481793,-1
0.54471378955097,-1
0.544690982636479,-1
0.544671120662228,-1
0.544653796727627,-1
0.544638663867495,-1
0.544625425684643,-1
0.544613828526296,-1
0.544603654937351,-1
0.544594718172126,-1
0.544586857585323,-1
0.544579934754543,-1
0.544573830212496,-1
0.544568440688142,-1
0.544563676773357,-1
0.544559460945969,-1
0.544555725891746,-1
0.544552413077619,-1
0.544549471536371,-1
0.544546856829679,-1
0.544544530161801,-1
0.544542457620763,-1
0.544540609527639,-1
0.544538959877611,-1
0.54453748585913,-1
0.544536167439618,-1
0.544534987007973,-1
0.544533929065646,-1
0.544532979959309,-1
0.544532127649204,-1
0.54453136150814,-1
0.544530672146864,-1
0.544530051262145,-1
0.544529491504481,-1
0.54452898636273,-1
