Error,GradientNorm
0.640589126735766,-1
0.463625617109446,-1
0.3981968716986,-1
0.368238532592825,-1
0.350981754465552,-1
0.338371253973375,-1
0.329521411811435,-1
0.323827482955453,-1
0.320357614091933,-1
0.318302847282819,-1
0.317103466484409,-1
0.316407308872414,-1
0.316003122242985,-1
0.315767434049767,-1
0.315629021940571,-1
0.31554700347734,-1
0.315497899586866,-1
0.315468171215749,-1
0.315449960758964,-1
0.31543867088026,-1
0.315431586627984,-1
0.315427088234444,-1
0.315424198750135,-1
0.315422322206595,-1
0.315421090796991,-1
0.31542027486112,-1
0.315419729335359,-1
0.315419361558782,-1
0.315419111705058,-1
