Error,GradientNorm
0.232562502571165,-1
0.0590514486418082,-1
0.013889533119558,-1
0.013321203085846,-1
0.01331634586721,-1
0.0133159291850272,-1
0.0133158430021356,-1
0.0133158243705721,-1
0.0133158203365154,-1
