Error,GradientNorm
0.833843551587411,-1
0.737052745266386,-1
0.716566985580471,-1
0.709758971598944,-1
0.706535483647272,-1
0.704562570101065,-1
0.7031511341916,-1
0.70205046154496,-1
0.70115240191856,-1
0.700403616391584,-1
0.69977424316967,-1
0.699245006677569,-1
0.698801544177407,-1
0.698431926667474,-1
0.698125654737241,-1
0.697873312033247,-1
0.697666477783514,-1
0.697497712567283,-1
0.697360540845034,-1
0.697249407300521,-1
0.697159607526372,-1
0.697087201672918,-1
0.697028920609455,-1
0.696982072296871,-1
0.696944453577374,-1
0.696914270357448,-1
0.696890067477377,-1
0.69687066842602,-1
0.696855124370436,-1
0.696842671604692,-1
0.696832696373751,-1
0.696824706014772,-1
0.696818305421398,-1
0.696813177937952,-1
0.696809069905807,-1
0.696805778199009,-1
0.696803140192987,-1
0.696801025705051,-1
0.696799330527543,-1
0.696797971243995,-1
0.696796881076825,-1
0.696796006563069,-1
0.696795304894026,-1
0.69679474178675,-1
