Error,GradientNorm
0.0854891997376383,-1
0.0168301519216052,-1
0.00309135296128801,-1
0.00180243803706624,-1
0.00159515362154991,-1
0.0015645894357572,-1
0.00156027117554887,-1
0.00155966012047294,-1
0.00155957284061483,-1
0.00155956024112719,-1
0.00155955840241779,-1
0.00155955813115914,-1
