Error,GradientNorm
0.742130830439327,-1
0.457744733457348,-1
0.352420041745175,-1
0.313045294001903,-1
0.28958014334547,-1
0.275931888721703,-1
0.269362282774981,-1
0.266472961815877,-1
0.265202432115364,-1
0.264620787627665,-1
0.264341184107917,-1
0.264200922165592,-1
0.264128278028421,-1
0.264089823337054,-1
0.264069177190206,-1
0.264057993936093,-1
0.264051903509646,-1
0.264048575782901,-1
0.2640467539879,-1
0.264045755460626,-1
0.264045207785331,-1
0.26404490727019,-1
0.264044742333813,-1
