Error,GradientNorm
0.548822297333223,-1
0.284928369015324,-1
0.175122027734488,-1
0.129888206623676,-1
0.0994144611101036,-1
0.0792629677820294,-1
0.0690723041449701,-1
0.0649470432427163,-1
0.0634581842595971,-1
0.0629435221577714,-1
0.0627678801074989,-1
0.0627081018213946,-1
0.0626877567081247,-1
0.0626808288808255,-1
0.0626784688098437,-1
0.0626776645824237,-1
0.062677390483623,-1
0.0626772970556036,-1
0.0626772652085064,-1
