Error,GradientNorm
0.631964626226868,-1
0.328198156480984,-1
0.248657967055043,-1
0.218176631574142,-1
0.205810843676035,-1
0.20028481730149,-1
0.197414829970607,-1
0.195687604767964,-1
0.194521003850537,-1
0.193666983889643,-1
0.193007011291139,-1
0.192477793429746,-1
0.192042175988316,-1
0.191676740749587,-1
0.191365994274621,-1
0.191099321908876,-1
0.190869200008147,-1
0.190670065344944,-1
0.190497590417945,-1
0.190348235906858,-1
0.190218991383713,-1
0.19010723447853,-1
0.190010656620155,-1
0.189927221461129,-1
0.189855137006333,-1
0.189792832557231,-1
0.189738937216909,-1
0.189692259253142,-1
0.189651766472737,-1
0.189616567878949,-1
0.189585896778183,-1
0.189559095384349,-1
0.189535600894876,-1
0.189514932977039,-1
0.189496682589551,-1
0.189480502058893,-1
0.18946609632616,-1
0.189453215276439,-1
0.18944164705949,-1
0.189431212308518,-1
0.189421759163938,-1
0.189413159011344,-1
0.18940530284714,-1
0.189398098191142,-1
0.189391466472276,-1
0.189385340820834,-1
0.189379664208181,-1
0.18937438788204,-1
0.189369470052219,-1
0.189364874787885,-1
0.18936057109306,-1
0.189356532131932,-1
0.189352734579919,-1
0.189349158080136,-1
0.189345784788118,-1
0.189342598990415,-1
0.189339586784953,-1
0.189336735813042,-1
0.18933403503457,-1
0.189331474539273,-1
0.189329045388184,-1
0.189326739480288,-1
0.189324549440273,-1
0.189322468523898,-1
0.189320490538123,-1
0.18931860977356,-1
0.18931682094726,-1
0.189315119154146,-1
0.189313499825668,-1
0.189311958694547,-1
0.18931049176458,-1
0.189309095284728,-1
0.189307765726777,-1
0.189306499765997,-1
0.189305294264351,-1
0.189304146255809,-1
0.18930305293348,-1
0.18930201163824,-1
0.189301019848657,-1
0.189300075172,-1
0.189299175336167,-1
0.189298318182412,-1
0.18929750165874,-1
0.189296723813888,-1
0.189295982791801,-1
0.18929527682655,-1
0.189294604237621,-1
0.189293963425543,-1
0.189293352867805,-1
0.189292771115035,-1
0.189292216787411,-1
0.189291688571284,-1
0.189291185215985,-1
0.189290705530807,-1
0.189290248382148,-1
0.189289812690795,-1
0.189289397429347,-1
0.18928900161976,-1
0.189288624331014,-1
0.189288264676885,-1
0.189287921813829,-1
0.189287594938955,-1
0.189287283288098,-1
0.18928698613398,-1
0.189286702784454,-1
0.189286432580825,-1
0.189286174896257,-1
0.189285929134243,-1
0.189285694727153,-1
0.189285471134842,-1
0.189285257843329,-1
0.189285054363534,-1
0.189284860230072,-1
0.189284675000104,-1
