Error,GradientNorm
0.280124857162949,-1
0.125811886883215,-1
0.0257080426609976,-1
0.0213753762003486,-1
0.0213015158610413,-1
0.0212995250993328,-1
0.0212994439098289,-1
0.0212994399115267,-1
