Error,GradientNorm
0.261893301509359,-1
0.0285213985386147,-1
0.018131532839587,-1
0.0180198159090817,-1
0.018015654124433,-1
0.0180153657089805,-1
0.0180153418618877,-1
0.0180153397747006,-1
