Error,GradientNorm
0.13002132389037,-1
0.00298047469909269,-1
0.0012860808970956,-1
0.00128454374265912,-1
0.00128454208729113,-1
0.00128454208504134,-1
