Error,GradientNorm
0.404282592715199,-1
0.154967103900436,-1
0.0746207032851149,-1
0.0627337981807082,-1
0.0610330875991242,-1
0.0607235331884396,-1
0.0606559380639809,-1
0.0606380008348967,-1
0.0606321136159185,-1
0.0606297981698368,-1
0.0606287735822897,-1
0.060628290225443,-1
0.0606280547788668,-1
0.0606279382566431,-1
0.0606278801171696,-1
