Error,GradientNorm
0.331314648241581,-1
0.173201752497148,-1
0.0949677445913788,-1
0.0744441025770837,-1
0.064746154928605,-1
0.0597546427046175,-1
0.0574175081352216,-1
0.0563767350157825,-1
0.0559171887270402,-1
0.0557130614349837,-1
0.0556216890215547,-1
0.0555805443318054,-1
0.0555619431217539,-1
0.0555535125084492,-1
0.0555496856045209,-1
0.0555479468293219,-1
0.0555471563582806,-1
0.0555467968757849,-1
0.0555466333598665,-1
0.0555465589728037,-1
0.0555465251298333,-1
