Error,GradientNorm
0.445546514039004,-1
0.178957881438511,-1
0.0392937732741999,-1
0.0316776759826198,-1
0.031564156554393,-1
0.0315624590343946,-1
0.0315624304228829,-1
