Error,GradientNorm
0.12169399318844,-1
0.0052903618350958,-1
0.00090247712197601,-1
0.000871393894540413,-1
0.00086940784732035,-1
0.00086922696196428,-1
0.000869210303271085,-1
0.000869208768661727,-1
0.000869208627292386,-1
