Error,GradientNorm
0.882777576547599,-1
0.645586367041323,-1
0.583822348965142,-1
0.566474793933363,-1
0.55867585036662,-1
0.553757219809147,-1
0.549997151946515,-1
0.546780485739494,-1
0.543832279484412,-1
0.541026096848189,-1
0.538326932430234,-1
0.535763977746316,-1
0.533401812748661,-1
0.531306936397322,-1
0.529520954241669,-1
0.528050468529455,-1
0.526872622813464,-1
0.525947652213786,-1
0.525230591570664,-1
0.524678842572237,-1
0.524255732414737,-1
0.52393142178966,-1
0.523682446680289,-1
0.523490731918882,-1
0.523342519496791,-1
0.523227404705886,-1
0.523137540820479,-1
0.523067012348383,-1
0.523011353883199,-1
0.522967186291424,-1
0.522931943977298,-1
0.52290367134598,-1
0.522880871193271,-1
0.522862391788593,-1
0.522847342685536,-1
0.522835031829812,-1
0.522824918456047,-1
0.522816577701258,-1
0.522809673927973,-1
0.522803940536253,-1
0.522799164623058,-1
0.522795175273669,-1
0.522791834583668,-1
0.522789030741246,-1
0.522786672670162,-1
0.522784685859813,-1
0.522783009102237,-1
0.522781591925204,-1
0.522780392562142,-1
0.522779376338119,-1
0.522778514379948,-1
0.522777782580087,-1
0.522777160760303,-1
0.522776631993418,-1
0.522776182050777,-1
