Error,GradientNorm
0.42015303159684,-1
0.138263150016251,-1
0.0726232471196728,-1
0.0637550193860877,-1
0.0617646194870945,-1
0.0610938792319419,-1
0.060829027406939,-1
0.0607172253379497,-1
0.0606683659956349,-1
0.0606465205932451,-1
0.0606365739131775,-1
0.0606319721962803,-1
0.0606298125929267,-1
0.0606287860857451,-1
0.0606282926935898,-1
0.0606280532646981,-1
0.0606279361370386,-1
0.0606278784548103,-1
