Error,GradientNorm
0.224841285681631,-1
0.0601998835707536,-1
0.0133218210562168,-1
0.00684236938683931,-1
0.00620877491457085,-1
0.00614645989015194,-1
0.00614014938360148,-1
0.00613950452284492,-1
0.00613943846634565,-1
0.00613943169553718,-1
0.0061394310014095,-1
