Error,GradientNorm
0.0456283289221014,-1
0.0039485741216759,-1
0.000220359000227929,-1
6.09442702516498e-05,-1
5.73965318561701e-05,-1
5.73573002187985e-05,-1
5.73568611921035e-05,-1
5.7356856172537e-05,-1
