Error,GradientNorm
0.466270367932742,-1
0.201895071804124,-1
0.105666236744031,-1
0.0721194327373668,-1
0.0626606772459899,-1
0.0586294829114916,-1
0.056818880141421,-1
0.05605786179643,-1
0.055750450527934,-1
0.0556279459340728,-1
0.055579179517813,-1
0.05555969083616,-1
0.0555518579850049,-1
0.0555486898438882,-1
0.0555474000003772,-1
0.055546871351599,-1
0.0555466532149014,-1
0.0555465625909773,-1
0.0555465246844804,-1
