Error,GradientNorm
0.0627128317698858,-1
0.000150897369961382,-1
2.17526404021872e-05,-1
2.17490885899521e-05,-1
2.17490874719804e-05,-1
