Error,GradientNorm
0.0500906911525772,-1
0.00103105134384081,-1
6.59200599087621e-05,-1
6.53569986911789e-05,-1
6.53512357765555e-05,-1
6.53510366966625e-05,-1
6.5351027576284e-05,-1
