Error,GradientNorm
0.874713562012036,-1
0.65141417967855,-1
0.598735236307299,-1
0.576830046703283,-1
0.564143353479155,-1
0.556345208452523,-1
0.551330423234668,-1
0.547990031738714,-1
0.545704946844616,-1
0.544104708327881,-1
0.542958666547577,-1
0.542120410259292,-1
0.541495505261968,-1
0.541021823269794,-1
0.540657514961405,-1
0.54037369173135,-1
0.54014995456009,-1
0.539971618534664,-1
0.539827946060798,-1
0.539710988234229,-1
0.539614802140884,-1
0.539534907998619,-1
0.539467904477359,-1
0.539411191579146,-1
0.539362768555162,-1
0.539321085226382,-1
0.539284931877869,-1
0.539253357312135,-1
0.539225607613409,-1
0.539201080225849,-1
0.539179289398887,-1
0.539159840095208,-1
0.539142408214599,-1
0.539126725542271,-1
0.539112568239357,-1
0.539099747995783,-1
0.539088105189822,-1
0.539077503565008,-1
0.539067826058637,-1
0.53905897150801,-1
0.539050852028912,-1
0.539043390911781,-1
0.539036520918978,-1
0.539030182894905,-1
0.5390243246219,-1
0.539018899870735,-1
0.539013867606406,-1
0.539009191318918,-1
0.539004838455504,-1
0.539000779935869,-1
0.538996989735939,-1
0.538993444528607,-1
0.538990123372236,-1
0.538987007439479,-1
0.538984079780362,-1
0.538981325114632,-1
0.538978729649282,-1
0.538976280917799,-1
0.538973967638255,-1
0.538971779587811,-1
0.538969707491546,-1
0.538967742923849,-1
0.538965878220829,-1
0.53896410640243,-1
0.538962421103115,-1
0.538960816510096,-1
0.538959287308261,-1
0.538957828631017,-1
0.538956436016392,-1
0.538955105367791,-1
0.538953832918901,-1
0.538952615202265,-1
0.538951449021141,-1
0.538950331424276,-1
0.538949259683266,-1
0.538948231272248,-1
0.538947243849636,-1
0.538946295241716,-1
0.538945383427876,-1
0.538944506527303,-1
0.538943662787,-1
0.538942850570968,-1
0.538942068350445,-1
0.538941314695081,-1
0.538940588264951,-1
0.538939887803331,-1
0.538939212130147,-1
0.538938560136023,-1
0.538937930776888,-1
0.538937323069063,-1
0.538936736084789,-1
0.538936168948159,-1
0.538935620831396,-1
0.538935090951463,-1
