Error,GradientNorm
0.0502687355997115,31.2084301095889
0.00770927978130715,967646085.649382
0.000330106976790917,0.0017986982412731
0.000238175566554105,658033.244746703
0.00023406195533616,0.00059473590431527
0.000233751961259399,31057.3779557987
0.000233719714857153,0.000562090121115361
0.000233713443313466,5664.49082229985
0.000233711423988678,0.000636215737756433
0.00023371065378324,2098.79428075477
0.000233710348491677,0.000610646668137971
0.000233710226267819,838.530015868379
