Error,GradientNorm
0.0843313179084625,68.0185871864726
0.00954507358319888,162659783.13338
0.000709247855591754,0.00806629620936292
0.000685456092354637,63054.3522576012
0.000685187155777909,0.000285911297908895
0.000685174261976805,1499.20295159426
0.000685173537820594,5.66397293959384e-05
0.000685173496012207,85.0467040837787
