Error,GradientNorm
0.100646153464656,93.0131598405259
0.0118919224846035,94075648.3209255
0.000879912435622975,0.00517406612527071
0.000742710852312879,139702.484522422
0.000737532979166229,0.000322070985968315
0.0007372605736058,5491.02297361939
0.000737245260634524,2.51809431432445e-05
0.000737244349099875,311.220771753165
0.000737244291167229,1.98951364429232e-05
