Error,GradientNorm
0.0653946392738946,60.0913759352966
0.00260896154075146,80442335.3002091
0.000231538996291366,0.00131608869570931
0.000214968938809272,113209.640029459
0.000213517765098902,0.000205984729063049
0.000213369800836724,10295.8148973475
0.000213354618969095,0.000180552465663659
0.000213353060072277,1048.50080996284
0.00021335289993142,0.000202138869558872
