Error,GradientNorm
0.0627535804899913,129.67801655248
0.00631501577366875,150486926.557524
0.000710222351561994,0.00474443511571467
0.000509956074500332,3360667.88674957
0.00019608296172919,0.000603026784108478
0.000136149943662393,206795.633259968
0.000133062167989829,8.79825921683191e-05
0.000132937586383795,8220.30876845375
0.000132932624503477,8.30286559121135e-05
0.000132932426948212,327.03630778038
0.000132932419082149,7.05935644607956e-05
