Error,GradientNorm
0.0684850759331177,43.7186299134943
0.000790413139673893,11768531.1857361
9.35594736934081e-05,0.000112258757529714
9.31457327485251e-05,2151.94954169358
9.31413907311334e-05,7.48770131374948e-05
9.314129460739e-05,38.2771456022919
9.31412922659949e-05,6.89350896904901e-05
