Error,GradientNorm
0.0520318437376113,100.956670975768
0.00332783952415808,181991628.165862
0.000284706915021115,0.00181708710521658
0.000214184807543951,499701.490783989
0.000208917797422153,0.000268916161374628
0.000208494235859726,32500.0963223992
0.000208458521056912,0.000221286115817018
0.000208455436382223,2651.68721941892
0.000208455166687428,0.000214137034162624
0.0002084551429427,227.155464195598
