Error,GradientNorm
0.0839910215171051,43.1831035336269
0.0131899907954698,341673343.253947
0.000612039799470392,0.0120438566344522
0.00052898418801346,163088.042212245
0.000528282007851229,0.000389594448611106
0.000528262688541296,1662.16764695464
0.000528261938284279,0.000110104010554498
0.000528261907554802,57.1289188723472
