Error,GradientNorm
0.0469771275009877,48.3729703241077
0.000976173968035656,444341763.397155
1.08989886660265e-05,0.0398088035681941
1.0458122657808e-05,4221.80779747938
1.04579793152434e-05,0.0329352978884965
1.04579792371801e-05,1.35585751325269
