Error,GradientNorm
0.0691610716829124,39.8299110073945
0.00280477449798659,29358222.0229968
0.000449995324664574,0.00207244936043725
0.000448178196368639,6835.42097702351
0.000448174246724973,1.54298878817744e-05
0.00044817422649246,24.0280463340235
