Error,GradientNorm
0.0587708892125633,55.4892780744391
0.000300743151451905,20204591.748591
1.49708235379564e-05,0.000537554266240431
1.49081821098889e-05,420.911329022672
1.49081551693798e-05,0.000564091941292538
1.49081551554318e-05,0.182721895483825
