Error,GradientNorm
0.145107853863677,190.507539093168
0.00997882153543045,15839085.3218383
0.00161542242757158,0.0133410517842032
0.00156375065705816,27969.1140830447
0.00156330666196595,0.000440666730897998
0.0015633012798043,267.813327713328
0.00156330120184457,6.73334072019372e-06
