Error,GradientNorm
0.0517333227150741,43.8461513647335
0.00161898636822799,113475919.02641
0.000123470688103058,0.00033344150857004
0.000118483783168311,69186.4587521202
0.000118174093752992,0.000181678523146614
0.000118137016695132,7028.47350450701
0.000118131130151522,0.000197211270811339
0.000118130060208789,1227.55527228445
0.000118129855540014,0.000192181004742924
0.000118129815714375,235.479034836374
