Error,GradientNorm
0.0982856301104052,44.1263989268476
0.0059977141068117,27721805.6451468
0.000830534405709838,0.00515519564169441
0.000815633118763382,19047.7933787573
0.000815521442275676,0.000105260098862529
0.000815519935507183,189.342745378043
0.000815519908074191,7.36525490591426e-06
