Error,GradientNorm
0.0708108461415036,87.8260523218809
0.0117566575170062,197560761.155598
0.00121734615175437,0.0257353068452173
0.000937229108015882,769753.852367677
0.000920287533604409,0.00512222277188061
0.000918894707489109,45650.4413079578
0.000918768779850757,0.000484875105708422
0.000918756989514081,3954.80459838019
0.000918755869741631,8.73566195508413e-05
0.0009187557626358,368.127697350138
