Error,GradientNorm
0.0974616336039661,373.798915165177
0.00471824908743412,26115188.5766248
0.000495794257760344,0.0016899273629272
0.000481941460871205,16637.473853536
0.000481860925865914,8.73341692109142e-05
0.000481860343176705,98.0141790739372
0.000481860338722481,1.85874478524004e-05
