Error,GradientNorm
0.510466011544296,-1
0.169850252640721,-1
0.0711297959484034,-1
0.0648760975288179,-1
0.0643809247743119,-1
0.0643214648526335,-1
0.0643130267700139,-1
0.0643117247817975,-1
0.0643115128783733,-1
0.0643114770937051,-1
