Error,GradientNorm
0.0796760895951617,-1
0.00401930951600491,-1
0.000762756311548506,-1
0.000744021659974092,-1
0.000742085505273109,-1
0.000741624028321151,-1
0.000741495772673299,-1
0.000741459211788038,-1
0.000741448748668853,-1
0.000741445752532963,-1
0.000741444894510558,-1
0.000741444648790532,-1
