Error,GradientNorm
0.881098128684293,-1
0.438742635412317,-1
0.283651178520033,-1
0.183989419768071,-1
0.164842863149611,-1
0.162576708159081,-1
0.162320145081714,-1
0.162290246999578,-1
0.162286658309461,-1
0.162286217511814,-1
0.162286162436557,-1
