Error,GradientNorm
0.704346615722196,-1
0.0157208192765611,-1
0.00339709781101565,-1
0.00288627942719994,-1
0.00273851936643333,-1
0.00267948912466182,-1
0.00265717282291792,-1
0.00264899282319192,-1
0.00264603009263297,-1
0.0026449617071219,-1
0.00264457704860072,-1
0.00264443863632608,-1
0.0026443888414629,-1
0.00264437092870956,-1
0.00264436448510931,-1
0.00264436216723077,-1
