Error,GradientNorm
0.797024402085101,-1
0.655759157241763,-1
0.569760890959803,-1
0.514414648077021,-1
0.489081965609928,-1
0.478544720327541,-1
0.474058742491719,-1
0.472075279934594,-1
0.471171227743809,-1
0.470749792432818,-1
0.470550028955649,-1
0.470454144437548,-1
0.47040768079137,-1
0.470385001447977,-1
0.47037386975681,-1
0.470368382621735,-1
0.470365668933912,-1
0.470364323436463,-1
0.470363654981611,-1
0.470363322364655,-1
