Error,GradientNorm
0.501624968948527,-1
0.00286461072739836,-1
0.000353076927788818,-1
0.00030756132705516,-1
0.000304853629472915,-1
0.000304667340474687,-1
0.000304652031258904,-1
0.000304650551673233,-1
0.000304650391148342,-1
