Error,GradientNorm
0.860582230531989,-1
0.553888867106028,-1
0.454033158227189,-1
0.434723966605535,-1
0.430473809559492,-1
0.429071350812586,-1
0.4285208024482,-1
0.428294188969909,-1
0.428199755438711,-1
0.428160236642157,-1
0.428143649783404,-1
0.428136662123965,-1
0.428133702134717,-1
0.428132437731576,-1
0.428131890777763,-1
0.428131649764881,-1
