Error,GradientNorm
0.78995832426965,-1
0.0733790759721401,-1
0.0186702795602993,-1
0.0180303894338722,-1
0.0180264378007008,-1
0.0180263853571094,-1
0.0180263839806152,-1
