Error,GradientNorm
0.925500638526827,-1
0.508889697643621,-1
0.363023485690363,-1
0.335310558026455,-1
0.330681696516633,-1
0.329631917602413,-1
0.329318314014787,-1
0.329205573405449,-1
0.32915964558877,-1
0.329139303573461,-1
0.329129800686718,-1
0.329125214265646,-1
0.32912295665985,-1
0.329121831829938,-1
0.329121267013032,-1
0.329120981887109,-1
