Error,GradientNorm
0.689837299974702,-1
0.334443729672635,-1
0.268390181444818,-1
0.256632826328623,-1
0.254767336203197,-1
0.254447005347542,-1
0.254388008623174,-1
0.254376694729238,-1
0.254374478210777,-1
0.254374038991053,-1
0.254373951391744,-1
