Error,GradientNorm
0.790836390827033,-1
0.00974141936256361,-1
0.00126509165009639,-1
0.0011081543925297,-1
0.00109824831861399,-1
0.00109644038883664,-1
0.00109594953662885,-1
0.00109579057830443,-1
0.00109573451718474,-1
0.00109571380740869,-1
0.00109570591570229,-1
0.00109570282959199,-1
0.00109570159262408,-1
0.00109570108454797,-1
