Error,GradientNorm
0.856091962580362,-1
0.163041850602646,-1
0.0752807742302516,-1
0.061222893907587,-1
0.0600256705012165,-1
0.0599341053683839,-1
0.0599270143642353,-1
0.0599264530371895,-1
0.0599264073079108,-1
