Error,GradientNorm
0.147515372927031,-1
0.00396530358308088,-1
0.001084476507722,-1
0.00107157999503491,-1
0.00107129649126477,-1
0.00107128963609412,-1
0.0010712894656127,-1
