Error,GradientNorm
0.799607599801676,-1
0.11181420236985,-1
0.0492342912774283,-1
0.0347130433770966,-1
0.0306705165192235,-1
0.0290482525080652,-1
0.0282525829820405,-1
0.0278562874632367,-1
0.0276649524250004,-1
0.027574883369063,-1
0.0275330888944843,-1
0.0275138348596336,-1
0.0275049954206829,-1
0.0275009437861541,-1
0.0274990880481398,-1
0.0274982383618894,-1
0.0274978493743202,-1
0.0274976713070621,-1
0.0274975897953949,-1
0.027497552483268,-1
0.0274975354036594,-1
