Error,GradientNorm
0.608737577700166,-1
0.346890706502614,-1
0.187650086041946,-1
0.135548899222932,-1
0.128215160473426,-1
0.127212365807028,-1
0.12705337005305,-1
0.127025319476017,-1
0.127020004408709,-1
0.127018944085051,-1
0.127018724220762,-1
0.127018677288485,-1
