Error,GradientNorm
0.810419904472499,-1
0.0578478899640631,-1
0.00780329218005092,-1
0.00734601217509903,-1
0.00734396066825072,-1
0.00734394909526254,-1
0.00734394902362944,-1
