Error,GradientNorm
0.499458264767373,-1
0.0104231978844501,-1
0.000674093726610685,-1
0.000430231206833131,-1
0.000421698890108211,-1
0.000420940191826335,-1
0.000420844315395261,-1
0.000420831309204388,-1
0.000420829516647968,-1
0.00042082926832281,-1
