Error,GradientNorm
0.859907624376847,-1
0.351716109709871,-1
0.251093399813462,-1
0.211464727372705,-1
0.196098251866918,-1
0.190591013578763,-1
0.18845580104976,-1
0.187520829933521,-1
0.187072467175646,-1
0.186845151105836,-1
0.18672600796038,-1
0.186662233403504,-1
0.186627596450776,-1
0.186608577701547,-1
0.186598042159821,-1
0.186592161942879,-1
0.186588858121228,-1
0.186586990587387,-1
0.186585928984568,-1
0.186585322312725,-1
0.18658497387431,-1
0.186584772791452,-1
0.186584656216807,-1
