Error,GradientNorm
0.0598503145545238,-1
1.33071062736667e-05,-1
6.925532025811e-07,-1
6.92507482252376e-07,-1
6.92507473908637e-07,-1
