Error,GradientNorm
0.800354477123022,-1
0.00112480089865125,-1
0.000268232534530426,-1
0.000266596524764269,-1
0.000266583424515654,-1
0.00026658330069779,-1
