Error,GradientNorm
0.713798865184592,-1
0.0490856529675332,-1
0.0271825301659035,-1
0.021713117230642,-1
0.0172773974708302,-1
0.0149831575630163,-1
0.0141905429665478,-1
0.0139573995750054,-1
0.0138913441079861,-1
0.0138726208365807,-1
0.0138672713556784,-1
0.013865731222004,-1
0.0138652851650577,-1
0.0138651554022066,-1
0.0138651175269766,-1
0.0138651064437296,-1
