Error,GradientNorm
0.697347567937608,-1
0.496904032126256,-1
0.369864403434868,-1
0.310124179236907,-1
0.293645819572526,-1
0.289642128296609,-1
0.288606649125448,-1
0.288320394088462,-1
0.288237808268037,-1
0.288213330288085,-1
0.288205929497767,-1
0.288203650329944,-1
0.288202933618237,-1
0.288202702181663,-1
