Error,GradientNorm
0.836320090943496,-1
0.287144929181628,-1
0.139482805905754,-1
0.121773638405448,-1
0.120974811512673,-1
0.120940447000988,-1
0.120938910466737,-1
0.120938839346675,-1
