Error,GradientNorm
0.616908787996947,-1
0.429993635350401,-1
0.393864470308406,-1
0.347443207337098,-1
0.304077191668859,-1
0.277113386428818,-1
0.264502155664096,-1
0.259385000002551,-1
0.257414517200974,-1
0.256663710217347,-1
0.25637537957613,-1
0.256262509735509,-1
0.25621691232484,-1
0.256197580684795,-1
0.256188800643321,-1
0.256184449581178,-1
0.256182080287269,-1
0.25618067500849,-1
0.256179784731676,-1
0.256179194967517,-1
0.256178793329237,-1
0.25617851535259,-1
0.256178321198888,-1
