Error,GradientNorm
0.485714462642174,-1
0.141467366480366,-1
0.0822508920377893,-1
0.0419179720099152,-1
0.0271228352717401,-1
0.0255590387063082,-1
0.0254436581385135,-1
0.0254354385358047,-1
0.0254348530464106,-1
0.0254348112475888,-1
0.0254348082559856,-1
