Error,GradientNorm
0.512418392088999,-1
0.0557945349126367,-1
0.0281142153036329,-1
0.0275322970744566,-1
0.0275174562964644,-1
0.0275166406619335,-1
0.0275165739076674,-1
0.0275165677846817,-1
