Error,GradientNorm
0.715682578527329,-1
0.0316022984753122,-1
0.00583968925502089,-1
0.00103369462814725,-1
0.000983576912466826,-1
0.000983428128678663,-1
0.000983427695956545,-1
