Error,GradientNorm
0.838867808784259,-1
0.258222235180701,-1
0.18376281018669,-1
0.16239896869874,-1
0.152767395550551,-1
0.146135983964552,-1
0.141227020006627,-1
0.138057902454203,-1
0.136293243760377,-1
0.135398464606515,-1
0.134964964396929,-1
0.134758604363664,-1
0.134660778312667,-1
0.134614335314586,-1
0.134592210805242,-1
0.134581631039415,-1
0.134576553913726,-1
0.134574109904326,-1
0.134572930332723,-1
0.1345723597821,-1
0.134572083309928,-1
0.134571949137883,-1
