Error,GradientNorm
0.499661563094447,-1
0.0232582832060875,-1
0.00218891169682191,-1
0.00189085663298891,-1
0.00184991032280829,-1
0.00183751440339567,-1
0.00183355779310378,-1
0.00183225650126323,-1
0.00183180477939765,-1
0.00183163346751782,-1
0.0018315602502272,-1
0.0018315246863116,-1
0.00183150545197102,-1
0.00183149425846018,-1
0.00183148745780261,-1
0.00183148322956151,-1
0.00183148056958287,-1
0.0018314788863921,-1
