Error,GradientNorm
0.404168992075058,-1
0.191349410660589,-1
0.112568800611589,-1
0.0866747266974675,-1
0.0774579297776924,-1
0.0749587895980753,-1
0.0743686613085511,-1
0.0742337422689173,-1
0.0742029277317015,-1
0.0741958507393171,-1
0.0741942153993338,-1
0.0741938354178718,-1
0.074193746705808,-1
0.0741937259100915,-1
