Error,GradientNorm
0.854387964124415,-1
0.3239006177136,-1
0.167638041308624,-1
0.153191536719795,-1
0.150620257730308,-1
0.149694183500444,-1
0.149306548048491,-1
0.149140942418727,-1
0.149069850263923,-1
0.149039152803629,-1
0.149025774304514,-1
0.149019863862414,-1
0.149017203006265,-1
0.149015974885677,-1
0.149015390077301,-1
0.149015101190026,-1
0.149014952637204,-1
