Error,GradientNorm
0.834709285156923,-1
0.180364862030793,-1
0.0529465938442749,-1
0.0487491022343542,-1
0.0486749090091663,-1
0.0486723374360236,-1
0.0486721064668579,-1
0.0486720754027495,-1
