Error,GradientNorm
0.664986874365439,-1
0.259740727440243,-1
0.109966333696143,-1
0.0719358848816979,-1
0.069329862704887,-1
0.0691777493907998,-1
0.0691670370115103,-1
0.0691660739827155,-1
0.0691659665060166,-1
0.0691659527474661,-1
