Error,GradientNorm
0.496065297067214,-1
0.00935845530263657,-1
0.00119580487217516,-1
0.00113092852429685,-1
0.00112994349538787,-1
0.00112989166332864,-1
0.00112988740323275,-1
0.00112988702678914,-1
