Error,GradientNorm
0.429332993350795,-1
0.217927776995785,-1
0.124308898924187,-1
0.101410782843801,-1
0.095483567542142,-1
0.094056676952418,-1
0.0937061231403006,-1
0.0936165460985426,-1
0.0935929742318055,-1
0.093586659305699,-1
0.0935849502396546,-1
0.0935844850844628,-1
0.0935843580884159,-1
0.0935843233559478,-1
