Error,GradientNorm
0.710778308936112,-1
0.00345116878117462,-1
0.00036967802056809,-1
0.000354330846074822,-1
0.000353749832990419,-1
0.000353652192283906,-1
0.000353624948820711,-1
0.000353616653313041,-1
0.000353614097096064,-1
0.000353613308143793,-1
0.000353613064587171,-1
