Error,GradientNorm
0.963773467294156,-1
0.735068749527844,-1
0.594467786642773,-1
0.486217354118873,-1
0.44655699233588,-1
0.434775358046276,-1
0.430456618348424,-1
0.428442870380255,-1
0.427389796371286,-1
0.426819011097057,-1
0.426507057357448,-1
0.426336407314826,-1
0.426243108932958,-1
0.426192132419587,-1
0.426164291843414,-1
0.426149090839798,-1
0.426140792315739,-1
0.426136262370334,-1
0.42613378970636,-1
0.426132440039938,-1
0.426131703354596,-1
0.426131301254124,-1
