Error,GradientNorm
0.502456678423446,-1
0.15122607465977,-1
0.0712297002072951,-1
0.0554550022768681,-1
0.0533919181413719,-1
0.0530337560613181,-1
0.0529368019180657,-1
0.0529017186452375,-1
0.0528875064661687,-1
0.0528815489593387,-1
0.0528790277716854,-1
0.0528779580472982,-1
0.0528775038529986,-1
0.0528773109709979,-1
0.0528772290562083,-1
0.0528771942675315,-1
