Error,GradientNorm
0.386998896010961,-1
0.22803220707655,-1
0.127061177244629,-1
0.102946754223009,-1
0.0994682942138987,-1
0.0989108106977268,-1
0.0988050662567949,-1
0.0987829125376723,-1
0.0987780323704622,-1
0.0987769285889897,-1
0.0987766749810181,-1
0.0987766160726394,-1
