Error,GradientNorm
0.891774859942277,-1
0.500409745317337,-1
0.421134773689873,-1
0.373175254646855,-1
0.339448193369121,-1
0.312808339502827,-1
0.297113058357427,-1
0.290414664345564,-1
0.287984839926765,-1
0.287147185614258,-1
0.286859340152879,-1
0.286758969017532,-1
0.286723202262198,-1
0.286710136203352,-1
0.286705236478261,-1
0.286703350437252,-1
0.286702606079317,-1
0.286702305489547,-1
0.28670218161282,-1
