Error,GradientNorm
0.0558348432303772,-1
0.00494539222943641,-1
0.000196096433230837,-1
0.000164210039731531,-1
0.000163501343337183,-1
0.000163471352111079,-1
0.000163469491845269,-1
0.000163469357946714,-1
