Error,GradientNorm
0.664448427924008,-1
0.348064021405203,-1
0.156976464412249,-1
0.0727066546393176,-1
0.0654594498678015,-1
0.0650637570315852,-1
0.065041694351638,-1
0.0650404354106645,-1
0.0650403630258846,-1
0.0650403588545956,-1
