Error,GradientNorm
0.0807552606922419,-1
0.000606356959373781,-1
7.67308272741391e-06,-1
7.63059143317925e-06,-1
7.63057571084773e-06,-1
7.6305756998561e-06,-1
