Error,GradientNorm
0.523081288814201,-1
0.00876871044137834,-1
0.00269720738973523,-1
0.00267425156955201,-1
0.00267411755540732,-1
0.00267411659115818,-1
