Error,GradientNorm
0.697280286618755,-1
0.521507112264092,-1
0.514203948389549,-1
0.504801004551443,-1
0.478556963729682,-1
0.417859790926367,-1
0.338722282844578,-1
0.288489339637057,-1
0.2696524994885,-1
0.264075641147214,-1
0.262525525226431,-1
0.262093852728564,-1
0.261970979679039,-1
0.261935041759767,-1
0.261924241212927,-1
0.261920913508095,-1
0.261919865891734,-1
0.261919530131366,-1
0.261919420961782,-1
