Error,GradientNorm
0.708359632540486,-1
0.0761181171485904,-1
0.00773682032117508,-1
0.00367146676770502,-1
0.00364315750043365,-1
0.00364301426503885,-1
0.0036430135252483,-1
