Error,GradientNorm
0.706948138520316,-1
0.00392141574009843,-1
0.000616319918292013,-1
0.00047650770211254,-1
0.00040772539980517,-1
0.000380678047387217,-1
0.000371987728025872,-1
0.000369389495564356,-1
0.00036862676450384,-1
0.000368403329826077,-1
0.000368337745667123,-1
0.000368318441232238,-1
0.000368312743301172,-1
0.000368311057098302,-1
0.000368310556867084,-1
0.0003683104081185,-1
