Error,GradientNorm
0.563069504392214,-1
0.245767936745068,-1
0.194323649864091,-1
0.15873221424148,-1
0.123784815994202,-1
0.104764070057421,-1
0.0988174925958862,-1
0.0973241011020812,-1
0.0969644438077588,-1
0.096877050014872,-1
0.0968554000612043,-1
0.0968499283530667,-1
0.096848519527715,-1
0.0968481506881203,-1
0.0968480526928426,-1
0.0968480263225345,-1
