Error,GradientNorm
0.776046228006039,-1
0.52489815909361,-1
0.41932585981292,-1
0.399513797952523,-1
0.395716856701901,-1
0.394607241421843,-1
0.394176212658467,-1
0.393981499640515,-1
0.393885536054111,-1
0.393835625590996,-1
0.393808787236454,-1
0.393794060957962,-1
0.393785883334604,-1
0.393781310460222,-1
0.393778743040544,-1
0.393777298253201,-1
0.39377648414698,-1
0.393776025073034,-1
0.393775766091614,-1
