Error,GradientNorm
0.7064999153055,-1
0.0397382029309852,-1
0.00624248463885582,-1
0.00284871438081974,-1
0.00238989044660638,-1
0.00234754937415126,-1
0.00234383347194873,-1
0.00234349131644537,-1
0.00234345809777315,-1
0.00234345472385192,-1
0.00234345436900717,-1
