Error,GradientNorm
0.337255071229773,-1
0.129124568503243,-1
0.0608107992838317,-1
0.0565550687370383,-1
0.0562895823207618,-1
0.0562579062457705,-1
0.0562497614540324,-1
0.0562461818834442,-1
0.0562442809051799,-1
0.0562432221245165,-1
0.0562426257114697,-1
0.0562422888262396,-1
0.056242098405512,-1
0.0562419907537917,-1
0.0562419298918449,-1
0.0562418954826396,-1
