Error,GradientNorm
0.207691209360145,-1
0.109250801945874,-1
0.05739244467382,-1
0.0474952178500394,-1
0.0449095431277283,-1
0.0437591483723661,-1
0.0431853174606822,-1
0.0428998297082865,-1
0.0427590893755405,-1
0.0426899031782753,-1
0.0426558389565125,-1
0.0426390069711096,-1
0.042630654636526,-1
0.0426264926990559,-1
0.0426244108661409,-1
0.0426233660040616,-1
0.0426228400730253,-1
0.0426225746966982,-1
0.0426224405170907,-1
0.0426223725573184,-1
0.0426223380881751,-1
