Error,GradientNorm
0.967140895232084,-1
0.952957378601369,-1
0.95000992145694,-1
0.948669863645943,-1
0.947922159678193,-1
0.947431003443384,-1
0.947064416458455,-1
0.946769208369633,-1
0.946522112832268,-1
0.94631123988395,-1
0.946129268921654,-1
0.945970996082129,-1
0.945832434569817,-1
0.94571044286611,-1
0.945602524732674,-1
0.945506687833764,-1
0.945421330084448,-1
0.945345147059698,-1
0.945277058817404,-1
0.945216154296081,-1
0.945161650586622,-1
0.945112863983237,-1
0.945069189839054,-1
0.945030088680033,-1
0.944995076570491,-1
0.944963718248428,-1
0.944935621996087,-1
0.944910435560718,-1
0.944887842696341,-1
0.944867560074276,-1
0.944849334426028,-1
0.944832939853666,-1
0.944818175283766,-1
0.944804862062038,-1
0.944792841694506,-1
0.944781973742832,-1
0.944772133879483,-1
0.94476321210506,-1
0.944755111126492,-1
0.944747744891527,-1
0.944741037272373,-1
0.944734920889496,-1
0.944729336065385,-1
0.944724229897532,-1
0.944719555439714,-1
0.944715270980908,-1
0.944711339411618,-1
0.944707727668019,-1
0.944704406245061,-1
0.94470134877042,-1
0.944698531631958,-1
0.944695933652128,-1
0.944693535803438,-1
0.944691320959782,-1
0.944689273679046,-1
0.944687380012955,-1
0.944685627340628,-1
0.944684004222749,-1
0.944682500273675,-1
0.944681106049124,-1
0.944679812947425,-1
0.944678613122555,-1
0.944677499407438,-1
0.944676465246181,-1
0.944675504634103,-1
0.944674612064556,-1
