Error,GradientNorm
0.716016425112276,-1
0.305073591182691,-1
0.238906301310712,-1
0.223387999884864,-1
0.218724976796876,-1
0.21664719207207,-1
0.215561637733093,-1
0.214976401097139,-1
0.214660637953057,-1
0.214490823123907,-1
0.214399730869016,-1
0.214350942274593,-1
0.214324833838848,-1
0.214310868880485,-1
0.214303401148738,-1
0.214299408336074,-1
0.21429727363207,-1
0.214296132385331,-1
0.214295522269314,-1
0.214295196101962,-1
0.214295021734289,-1
