Error,GradientNorm
0.398829344667069,-1
0.166440256211982,-1
0.0978153607846766,-1
0.0783082553989632,-1
0.0712178053409961,-1
0.0681967991474393,-1
0.0666181202314805,-1
0.0657207435989437,-1
0.0652145996776605,-1
0.0649340178608329,-1
0.0647783916131398,-1
0.0646905993670547,-1
0.0646397351213457,-1
0.0646093248647063,-1
0.0645905266489771,-1
0.0645785062593656,-1
0.0645705570914367,-1
0.0645651245559188,-1
0.0645612926322545,-1
0.064558507980406,-1
0.0645564281952109,-1
0.0645548363410484,-1
0.0645535917086622,-1
0.0645526008349474,-1
0.0645518001131336,-1
0.0645511451702834,-1
0.0645506042701449,-1
0.0645501541505834,-1
0.0645497773556978,-1
0.06454946049825,-1
0.0645491931086708,-1
0.0645489668586357,-1
0.064548775026957,-1
0.0645486121244138,-1
0.064548473624412,-1
0.0645483557652889,-1
0.0645482554020124,-1
0.064548169892614,-1
0.0645480970095627,-1
0.0645480348694336,-1
