Error,GradientNorm
0.544825483620404,-1
0.346075206635476,-1
0.242537844731819,-1
0.191651913316134,-1
0.174047844119636,-1
0.16579615351306,-1
0.158576020426876,-1
0.152365961931395,-1
0.148252348642585,-1
0.146026111715585,-1
0.144933686646612,-1
0.144410564987629,-1
0.144156292906745,-1
0.144028641256176,-1
0.143962128448483,-1
0.143926225262964,-1
0.143906247088702,-1
0.143894853775558,-1
0.143888230663087,-1
0.143884323753143,-1
0.143881993320447,-1
0.143880591397913,-1
0.143879742512332,-1
0.143879225869191,-1
0.143878910157597,-1
0.143878716601321,-1
0.143878597619078,-1
