Error,GradientNorm
0.851612634829275,-1
0.723066360422929,-1
0.652806218561722,-1
0.609137962880381,-1
0.591108226878238,-1
0.583599422632517,-1
0.579739039085529,-1
0.577255234107029,-1
0.575371965760608,-1
0.573805537254712,-1
0.572448041772632,-1
0.571256489113418,-1
0.570210326657909,-1
0.569294920064058,-1
0.568495837641909,-1
0.567797674106052,-1
0.567184572147957,-1
0.566641146262022,-1
0.566153277417587,-1
0.565708622457542,-1
0.565296848235566,-1
0.564909657120822,-1
0.564540675701896,-1
0.564185264406452,-1
0.563840288126833,-1
0.563503873232857,-1
0.563175166178541,-1
0.562854102774665,-1
0.562541193921616,-1
0.562237331978588,-1
0.561943621044854,-1
0.561661233638171,-1
0.56139129528006,-1
0.561134797289612,-1
0.560892536757972,-1
0.560665081405072,-1
0.560452755984592,-1
0.56025564622371,-1
0.560073616007471,-1
0.559906333618489,-1
0.559753303244593,-1
0.559613898567435,-1
0.559487395939539,-1
0.559373005356425,-1
0.55926989806901,-1
0.559177230220097,-1
0.559094162311041,-1
0.559019874611359,-1
0.558953578827389,-1
0.558894526463868,-1
0.558842014364159,-1
0.558795387919328,-1
0.558754042409326,-1
0.558717422893916,-1
0.558685023016324,-1
0.55865638302563,-1
0.558631087269078,-1
0.558608761355405,-1
0.558589069146315,-1
0.5585717096957,-1
0.558556414225067,-1
0.558542943198298,-1
0.558531083538696,-1
0.558520646015481,-1
0.558511462814885,-1
0.558503385301892,-1
0.558496281972139,-1
0.558490036588752,-1
0.558484546495787,-1
0.558479721097888,-1
0.55847548049465,-1
0.558471754257669,-1
0.558468480338225,-1
0.558465604093833,-1
0.558463077422407,-1
0.558460857993423,-1
0.558458908566226,-1
0.558457196386332,-1
0.558455692651423,-1
0.558454372039409,-1
0.558453212291714,-1
0.558452193845566,-1
0.558451299509756,-1
0.558450514178866,-1
0.558449824581539,-1
0.558449219058813,-1
0.558448687369013,-1
