Error,GradientNorm
0.856934242956984,-1
0.624012614086444,-1
0.589357884908629,-1
0.554460097648487,-1
0.526859505266854,-1
0.509446929889035,-1
0.500020321145487,-1
0.495331519592478,-1
0.49309113013585,-1
0.492037390807245,-1
0.491543489178526,-1
0.491311392015873,-1
0.491201718248153,-1
0.491149531654623,-1
0.491124509897611,-1
0.49111241871055,-1
0.491106530481195,-1
0.491103641409412,-1
0.491102213741748,-1
0.491101503527327,-1
0.49110114804444,-1
