Error,GradientNorm
0.612395646607803,-1
0.381786794154025,-1
0.287115155335894,-1
0.250878944092013,-1
0.23600191019677,-1
0.228799610297431,-1
0.224790262682023,-1
0.222387164765765,-1
0.220866344105737,-1
0.219846954661543,-1
0.219124113588864,-1
0.218586572028023,-1
0.218172198046262,-1
0.217844660090547,-1
0.217581431421684,-1
0.217367610897584,-1
0.217192709626027,-1
0.217048952966595,-1
0.216930357270278,-1
0.216832203178378,-1
0.216750713954524,-1
0.216682842913334,-1
0.216626122143802,-1
0.216578548490065,-1
0.216538494304087,-1
0.216504636066535,-1
0.216475896694419,-1
0.216451398727469,-1
0.216430426327529,-1
0.216412394471614,-1
0.216396824023343,-1
0.216383321597846,-1
0.216371563322291,-1
0.216361281750921,-1
0.216352255326078,-1
0.216344299888554,-1
0.216337261834102,-1
0.216331012590568,-1
0.216325444153725,-1
0.216320465471826,-1
0.216315999510875,-1
0.216311980866406,-1
0.216308353814634,-1
0.216305070717502,-1
0.216302090713336,-1
0.216299378638572,-1
0.21629690413691,-1
0.216294640920908,-1
0.216292566157931,-1
0.216290659957842,-1
0.216288904944206,-1
0.216287285894256,-1
0.216285789435641,-1
0.216284403790247,-1
0.216283118557128,-1
0.216281924528059,-1
0.21628081353038,-1
0.216279778292722,-1
0.216278812330007,-1
0.216277909844694,-1
0.216277065641784,-1
0.2162762750555,-1
0.216275533885886,-1
0.216274838343886,-1
0.216274185003647,-1
0.216273570761034,-1
0.216272992797465,-1
0.216272448548328,-1
0.216271935675347,-1
0.216271452042364,-1
0.216270995694071,-1
0.216270564837303,-1
0.216270157824554,-1
0.216269773139434,-1
0.216269409383798,-1
0.216269065266359,-1
0.216268739592582,-1
0.216268431255698,-1
0.216268139228712,-1
0.216267862557271,-1
0.216267600353297,-1
0.21626735178929,-1
0.216267116093216,-1
0.21626689254392,-1
0.216266680467005,-1
