Error,GradientNorm
0.0552678276634343,-1
0.00501636531070784,-1
0.000334399503733077,-1
9.75418017085544e-05,-1
7.90461247819432e-05,-1
7.62173170050919e-05,-1
7.57271320759208e-05,-1
7.5643419607204e-05,-1
7.56291887589193e-05,-1
7.56267716951452e-05,-1
7.56263612286777e-05,-1
7.56262915250222e-05,-1
