Error,GradientNorm
0.105026148454892,-1
0.0187852060493804,-1
0.0005816551207451,-1
0.000429060180882458,-1
0.000422774968039045,-1
0.000422261836225306,-1
0.000422214425485528,-1
0.000422209731141902,-1
0.000422209249657908,-1
0.000422209199447616,-1
