Error,GradientNorm
0.810312025688273,-1
0.541394608084563,-1
0.433504987582079,-1
0.38222041268643,-1
0.362959700755173,-1
0.356758209977974,-1
0.354877887577386,-1
0.354317254226545,-1
0.354150593112719,-1
0.354101017342803,-1
0.354086250135406,-1
0.354081845208922,-1
0.354080529458898,-1
0.354080135896138,-1
0.354080017996631,-1
