Error,GradientNorm
0.121539503050732,-1
0.00050214104118722,-1
3.14028143078077e-05,-1
3.06501515063494e-05,-1
3.06250024393466e-05,-1
3.06241536946802e-05,-1
3.06241250630065e-05,-1
