Error,GradientNorm
0.791781925401663,-1
0.396518422059259,-1
0.319708828223699,-1
0.239159121733147,-1
0.207281973966758,-1
0.200167389529111,-1
0.198826163074675,-1
0.198580674835299,-1
0.198535780219639,-1
0.198527540579649,-1
0.198526022682866,-1
0.198525742140479,-1
0.198525690144528,-1
