Error,GradientNorm
0.863460381132404,-1
0.762786974532943,-1
0.715153645921404,-1
0.688282972344235,-1
0.672285167897991,-1
0.662519908318818,-1
0.65639332185313,-1
0.652429983648206,-1
0.649776607593262,-1
0.64792950818152,-1
0.646588659451699,-1
0.645574287397273,-1
0.644777477328674,-1
0.644131047765908,-1
0.643592577186634,-1
0.643134553727217,-1
0.642738626780821,-1
0.642392206870335,-1
0.642086414476029,-1
0.641814811562552,-1
0.641572594760393,-1
0.641356067742871,-1
0.641162288582798,-1
0.640988831664182,-1
0.640833627796726,-1
0.64069485918773,-1
0.640570893030056,-1
0.640460241662694,-1
0.640361540148983,-1
0.640273534420627,-1
0.640195075093732,-1
0.640125113703863,-1
0.640062699406244,-1
0.640006975139983,-1
0.639957172893938,-1
0.639912608094595,-1
0.639872673330585,-1
0.63983683169706,-1
0.639804610036941,-1
0.639775592311935,-1
0.639749413278465,-1
0.639725752586314,-1
0.639704329368132,-1
0.639684897348552,-1
0.639667240472641,-1
0.639651169033478,-1
0.639636516266146,-1
0.63962313536851,-1
0.639610896906367,-1
0.639599686560543,-1
0.639589403175305,-1
0.639579957070336,-1
0.639571268581949,-1
0.639563266802792,-1
0.639555888492902,-1
0.63954907713829,-1
0.639542782136393,-1
0.639536958090463,-1
0.639531564197515,-1
0.639526563716588,-1
0.639521923505984,-1
0.639517613619807,-1
0.639513606955514,-1
0.639509878945423,-1
0.639506407286119,-1
0.639503171700631,-1
0.639500153728956,-1
0.639497336543172,-1
0.639494704783912,-1
0.639492244415428,-1
0.639489942596885,-1
0.639487787567822,-1
0.639485768546046,-1
0.639483875636416,-1
0.639482099749226,-1
0.639480432527036,-1
0.639478866278974,-1
0.639477393921639,-1
0.639476008925875,-1
0.639474705268739,-1
0.639473477390115,-1
0.639472320153456,-1
0.639471228810218,-1
0.639470198967602,-1
0.639469226559258,-1
0.639468307818643,-1
0.63946743925478,-1
0.63946661763016,-1
0.639465839940591,-1
0.639465103396803,-1
0.639464405407632,-1
0.639463743564644,-1
0.639463115628055,-1
