Error,GradientNorm
0.190015031115196,-1
0.0105676719310052,-1
0.00149059320411176,-1
0.0014451181424618,-1
0.00144420667032399,-1
0.00144413756595573,-1
0.00144412725091049,-1
0.00144412552394668,-1
0.0014441252312265,-1
