Error,GradientNorm
0.0468180950065963,-1
0.00140099074342907,-1
0.000189005959991503,-1
0.000161699125301349,-1
0.000150165756011791,-1
0.000145133772093446,-1
0.000142974649035305,-1
0.00014204011228124,-1
0.000141631084168534,-1
0.000141450680046371,-1
0.000141370756320889,-1
0.000141335262672335,-1
0.000141319480340805,-1
0.000141312458175133,-1
0.000141309332725937,-1
0.000141307941412762,-1
0.000141307322010385,-1
0.000141307046245789,-1
0.000141306923469954,-1
