Error,GradientNorm
0.47472560281157,1365134.2552148
0.150144477380768,3189.97135856224
0.0602123939455787,29505.4320027161
0.0475756064565983,287.413593912796
0.0429814186086798,5856.12178288555
0.0417388807157416,64.5120799071525
0.0414616955772746,1267.17138960456
0.0414026937538997,13.6183852301698
0.0413902142849176,267.685038467163
0.0413875683812069,2.89933838243507
0.0413870050855492,57.0226306790636
0.0413868846368723,0.623075465335303
0.0413868587674026,12.2640211443468
