Error,GradientNorm
0.164007458134873,719642.884992332
0.0214387545352671,1411.93418982486
0.00262669473441801,219.088337702992
0.00172915395385471,8.37824548875161
0.00169191800413053,17.5904408548054
0.00169059007477757,0.265241805327853
0.00169054297782476,0.629924131291136
0.00169054130732468,0.00934755308447994
