Error,GradientNorm
0.0855627164551819,668959.731484898
0.00406302851351555,1234.5868986699
0.000203703153112382,4.82060833174699
0.000159959450956993,0.961216572637798
0.000159305100039451,0.260684283230014
0.0001592942742404,0.0127658802651356
0.000159294079204258,0.00453940501340605
0.000159294075544406,0.00021375078155357
