Error,GradientNorm
0.143406376218382,543420.423268227
0.0311001039079387,1297.76088390066
0.00509599588159842,614.94931652268
0.00357745145578718,14.1462421350663
0.00347937992411092,61.564816382172
0.00347216590108684,0.819624226436654
0.00347158497962841,4.78860571961438
0.00347153602762306,0.0643922379933809
0.00347153181069299,0.410263180848845
0.00347153144318936,0.00540736407845046
