Error,GradientNorm
0.040094216188067,570913.884723967
0.000128924925857188,58.9845744152714
8.29944378265728e-06,0.029785182740072
8.25310129408624e-06,0.00537299172166567
8.25159636141085e-06,0.000563147662293246
8.2515205159065e-06,0.000257821289894928
8.25151641329518e-06,2.94103557008225e-05
