Error,GradientNorm
0.212915917626219,627958.065090911
0.00689466556117822,401.455272360781
0.000803388145917539,10.6871126451333
0.000798900249290444,0.0606417744809234
0.000798896091343965,0.0322994013880352
0.000798896086883212,5.64182874682813e-05
