Error,GradientNorm
0.110331622753205,548885.449086713
0.0211878519270862,1661.17029504659
0.0028980746250909,426.244204543621
0.00258253298829139,6.4736934536717
0.00256329911748729,40.3469234212483
0.00256080442667923,0.533165263132939
0.00256045323442482,5.56102452536242
0.00256040264636078,0.0745146209089903
0.00256039522295094,0.809177584219626
0.00256039411222172,0.0110351425911771
