Error,GradientNorm
0.107712441349552,573815.266141252
0.000719874447028758,631.986607410113
8.80077444417642e-06,0.00438171539585453
8.7846223426713e-06,0.000346010380647893
8.7846221207186e-06,9.61074625377941e-07
