Error,GradientNorm
0.135323883459692,551739.949039233
0.0283577799570208,1143.399380009
0.0058105731587848,1176.25746204696
0.00448848610706395,18.6137461715701
0.00432167137198082,171.593688894825
0.00429700667597461,2.191504623402
0.00429323319562978,26.010124101217
0.00429264843245309,0.328335090690586
0.00429255734603528,4.05216130543568
0.00429254312563489,0.0508047782016114
0.00429254090306849,0.633416252603768
