Error,GradientNorm
0.0823335324475652,621316.38819275
0.00284827397587837,1308.29593165032
8.58457508432715e-05,0.706422127668576
7.71385564084491e-05,0.208202419117171
7.71054388310252e-05,0.01634234956174
7.7105296428234e-05,0.000752588552751983
7.71052958096139e-05,7.10867682821233e-05
