Error,GradientNorm
0.0610794803150038,538984.284928735
2.59173507179111e-05,8.30763871817078
1.48093379962426e-06,0.000347778195148316
1.48092060594322e-06,1.37261242884922e-06
1.4809206042078e-06,2.44475402727546e-08
