Error,GradientNorm
0.0586681453108072,585044.254683835
0.00310391150792288,775.458182611106
0.000243019379325262,11.3176083192991
0.000176617491505143,1.77098335821774
0.00017328043668558,1.09610727357005
0.000173097273642321,0.0760701844392724
0.000173086641226567,0.0620837507296426
0.000173086009741291,0.00423229232485797
0.000173085971877757,0.00371389705591302
