Error,GradientNorm
0.100606259585358,628120.181071298
0.00741226512405737,1014.03982350075
0.000643339000163701,29.2805086028298
0.000627664209996431,0.384594833960042
0.000627568078280684,0.472978143956489
0.000627566839701073,0.00292666070890354
0.000627566820593378,0.0067895588007935
