InputName,Opt_delta
in000001,0.00780996261164546
in000040,0.0115088867023587
in000079,0.0139602273702621
in000118,0.0107603343203664
in000157,0.0119730606675148
in000196,0.0126360422000289
