Error,GradientNorm
0.363904237751922,-1
0.204723841862586,-1
0.053790851242882,-1
0.0320560755787648,-1
0.031571490847845,-1
0.0315626145843015,-1
0.0315624341753307,-1
0.0315624299761999,-1
