Error,GradientNorm
0.19098073210692,-1
0.00845043475345287,-1
0.00130774117204046,-1
0.0012846053309951,-1
0.00128454228481038,-1
0.00128454208569645,-1
