Error,GradientNorm
0.64138365686448,-1
0.488512696262473,-1
0.439442074094354,-1
0.378327546449669,-1
0.307178260460709,-1
0.275593618050464,-1
0.267068048778521,-1
0.264886606244276,-1
0.264292851689755,-1
0.264120850475772,-1
0.264068679746904,-1
0.264052336398504,-1
0.264047097879377,-1
0.264045390238979,-1
0.264044826288053,-1
0.264044638036485,-1
