Error,GradientNorm
0.139601113540172,-1
0.00696645512870675,-1
0.00140314227870647,-1
0.00135628751989857,-1
0.00135545357319955,-1
0.00135543603089471,-1
0.00135543565118186,-1
