Error,GradientNorm
0.663785660485818,-1
0.490077090688776,-1
0.423336930913739,-1
0.388312100403414,-1
0.369971238151912,-1
0.360417687032277,-1
0.3551872779722,-1
0.35214123721957,-1
0.35027282902139,-1
0.34907753241087,-1
0.348284303148813,-1
0.347739530275332,-1
0.34735277688182,-1
0.34706922238214,-1
0.346854780905906,-1
0.346687737129792,-1
0.346553915872116,-1
0.346443832076263,-1
0.346350975898392,-1
0.346270760280415,-1
0.346199861649182,-1
0.346135797744085,-1
0.346076650866311,-1
0.346020881863854,-1
0.345967201827682,-1
0.345914481391144,-1
0.345861685423218,-1
0.345807825913162,-1
0.345751929182999,-1
0.345693015931638,-1
0.345630094376089,-1
0.345562168042401,-1
0.345488260507741,-1
0.345407459370214,-1
0.345318980563198,-1
0.345222251464486,-1
0.345117006920007,-1
0.345003386690119,-1
0.344882017171515,-1
0.344754056700014,-1
0.344621184856586,-1
0.3444855237713,-1
0.344349493021068,-1
0.344215615928114,-1
0.344086308318729,-1
0.343963685861056,-1
0.343849420849161,-1
0.343744665942756,-1
0.343650046180366,-1
0.343565707102043,-1
0.343491399404446,-1
0.343426579576814,-1
0.343370509615203,-1
0.343322344632862,-1
0.343281202851519,-1
0.343246216864272,-1
0.343216567852072,-1
0.34319150579948,-1
0.343170359099698,-1
0.343152536679946,-1
0.343137525240411,-1
0.343124883594467,-1
0.343114235540345,-1
0.343105262234477,-1
0.343097694684105,-1
0.34309130672134,-1
0.34308590864471,-1
0.343081341598542,-1
0.343077472688515,-1
0.343074190790157,-1
0.343071402985759,-1
0.343069031556863,-1
0.343067011459103,-1
0.34306528821034,-1
0.343063816129422,-1
0.343062556870257,-1
0.343061478203224,-1
0.343060553002906,-1
0.343059758407434,-1
0.343059075120248,-1
0.343058486829907,-1
0.343057979727657,-1
0.343057542105923,-1
0.343057164023804,-1
0.343056837028056,-1
