Error,GradientNorm
0.0688871675736886,-1
0.00884734734953017,-1
0.000749782456784734,-1
0.000247788240730296,-1
0.000232012375836446,-1
0.000231624199825056,-1
0.000231613816284132,-1
0.000231613528438669,-1
0.000231613520267618,-1
