Error,GradientNorm
0.644602558008237,-1
0.470235874413587,-1
0.396383907229123,-1
0.363330346200911,-1
0.34794740082792,-1
0.340166429248182,-1
0.335746028328268,-1
0.332905130476138,-1
0.330891710849231,-1
0.329384266570842,-1
0.328235888450957,-1
0.327364783022908,-1
0.326711978721487,-1
0.326228588305069,-1
0.325873602316584,-1
0.325613879796618,-1
0.325423750256913,-1
0.325283994899379,-1
0.325180563783993,-1
0.325103338960475,-1
0.325045093596219,-1
0.325000681673001,-1
0.324966436055859,-1
0.324939733945711,-1
0.324918688494336,-1
0.324901932053098,-1
0.324888464527221,-1
0.324877547397138,-1
0.324868629550383,-1
0.324861295205312,-1
0.324855227172693,-1
0.324850180783736,-1
0.324845965259055,-1
0.324842430290661,-1
0.324839456295277,-1
0.324836947268897,-1
0.324834825497037,-1
0.324833027598758,-1
0.3248315015372,-1
0.324830204336626,-1
0.324829100320726,-1
0.324828159739233,-1
0.324827357686707,-1
0.324826673243385,-1
0.324826088786541,-1
0.324825589434069,-1
0.324825162591627,-1
0.324824797581625,-1
0.324824485337487,-1
