Error,GradientNorm
0.382502717043183,-1
0.170455937294514,-1
0.100323373415085,-1
0.0793509699375323,-1
0.0718185592764795,-1
0.0681580180218331,-1
0.0662904054115268,-1
0.0653359643457982,-1
0.0648367740005945,-1
0.0645679643395369,-1
0.0644189598003006,-1
0.0643338131694808,-1
0.0642834624695038,-1
0.0642524859059763,-1
0.0642325425729974,-1
0.0642190375935601,-1
0.0642093929869,-1
0.0642021354157619,-1
0.0641964067574116,-1
0.0641916971588899,-1
0.0641876970895521,-1
0.064184214074068,-1
0.0641811251342216,-1
0.0641783492394268,-1
0.0641758311270646,-1
0.0641735316700163,-1
0.0641714220624808,-1
0.0641694802601673,-1
0.0641676887677742,-1
0.0641660332415472,-1
0.0641645015911368,-1
0.0641630833913018,-1
0.0641617694885058,-1
0.0641605517318628,-1
0.0641594227846147,-1
0.0641583759885979,-1
0.0641574052641571,-1
0.0641565050341896,-1
0.0641556701649206,-1
0.0641548959185008,-1
0.0641541779141283,-1
0.0641535120954448,-1
0.064152894702651,-1
0.0641523222482493,-1
0.0641517914956375,-1
0.0641512994399942,-1
0.0641508432910426,-1
0.064150420457389,-1
0.0641500285322034,-1
0.0641496652800629,-1
0.0641493286248196,-1
0.06414901663838,-1
0.0641487275303046,-1
0.0641484596381532,-1
0.0641482114185102,-1
0.0641479814386361,-1
0.0641477683686973,-1
0.0641475709745296,-1
0.0641473881109,-1
0.0641472187152294,-1
0.0641470618017469,-1
0.0641469164560451,-1
0.0641467818300098,-1
0.0641466571370996,-1
0.064146541647952,-1
0.0641464346862939,-1
0.0641463356251368,-1
0.0641462438832372,-1
0.0641461589218055,-1
0.064146080241445,-1
0.0641460073793073,-1
0.064145939906448,-1
0.0641458774253705,-1
