Error,GradientNorm
0.0662233764865868,-1
0.00805369409418961,-1
0.00132250405375032,-1
0.00096029216012407,-1
0.000882380702643538,-1
0.000863332153344274,-1
0.000858218989015386,-1
0.000856744271339169,-1
0.000856300256405174,-1
0.000856163494272284,-1
0.000856120890265676,-1
0.000856107545607453,-1
0.000856103354855405,-1
0.000856102037180162,-1
0.000856101622631971,-1
