Error,GradientNorm
0.549902283963565,-1
0.330432413530113,-1
0.248534420609714,-1
0.217160040091252,-1
0.204330309138282,-1
0.198597265793745,-1
0.195829604427172,-1
0.194364144243079,-1
0.193503209210335,-1
0.192941487129718,-1
0.192536497668064,-1
0.192216963804463,-1
0.191945358978934,-1
0.191701733264123,-1
0.191476113319121,-1
0.191264472613264,-1
0.191066251507729,-1
0.190882632419291,-1
0.190715301557047,-1
0.190565630212454,-1
0.190434243420261,-1
0.19032090969811,-1
0.190224649330643,-1
0.190143951525661,-1
0.190077012243054,-1
0.190021938708476,-1
0.18997689829101,-1
0.189940210974453,-1
0.18991039554358,-1
0.189886182774762,-1
0.189866507824807,-1
0.189850491250653,-1
0.189837415162807,-1
0.189826698576106,-1
0.18981787423954,-1
0.18981056803936,-1
0.189804481338427,-1
0.189799376200644,-1
0.189795063240633,-1
0.189791391754649,-1
0.189788241775335,-1
0.189785517716119,-1
0.189783143310438,-1
0.18978105759496,-1
0.189779211728443,-1
0.189777566475968,-1
0.189776090221012,-1
0.18977475739519,-1
0.189773547237921,-1
0.189772442816425,-1
0.189771430251015,-1
0.189770498102258,-1
0.189769636885758,-1
0.189768838687598,-1
0.18976809685922,-1
0.189767405775005,-1
0.189766760639409,-1
0.189766157333265,-1
0.189765592291101,-1
0.189765062403,-1
0.189764564935942,-1
0.189764097470596,-1
0.189763657850389,-1
0.189763244140351,-1
0.189762854593734,-1
0.189762487624853,-1
0.189762141786872,-1
0.189761815753574,-1
0.189761508304307,-1
0.189761218311497,-1
0.189760944730214,-1
0.189760686589409,-1
0.189760442984499,-1
0.18976021307105,-1
0.189759996059349,-1
0.18975979120972,-1
0.189759597828432,-1
0.189759415264115,-1
