Error,GradientNorm
0.406676804299644,-1
0.129411680713322,-1
0.0745071406274889,-1
0.0652343572088008,-1
0.0633581761818902,-1
0.0628832872920312,-1
0.0627437017320704,-1
0.0626993214374598,-1
0.0626846798597193,-1
0.0626797664514168,-1
0.0626781043745746,-1
0.06267753996446,-1
0.0626773479359814,-1
0.0626772825399041,-1
0.0626772602581975,-1
