Error,GradientNorm
0.65270665569953,-1
0.472794328864354,-1
0.41342816194778,-1
0.385317933356897,-1
0.369125168767462,-1
0.358900627388591,-1
0.352579659346878,-1
0.348731360247238,-1
0.34629273605569,-1
0.344626383341077,-1
0.343393759686792,-1
0.342420669056277,-1
0.341616246048208,-1
0.340931654928884,-1
0.340339712954682,-1
0.339824558135425,-1
0.33937616224402,-1
0.338987334749054,-1
0.33865212160107,-1
0.338365030037787,-1
0.33812073783868,-1
0.337914062376588,-1
0.337740042528955,-1
0.337594045298203,-1
0.337471852267886,-1
0.337369709678946,-1
0.337284342244801,-1
0.337212938255604,-1
0.337153115459226,-1
0.337102876315529,-1
0.337060559245157,-1
0.337024790401367,-1
0.336994438719224,-1
0.336968575668102,-1
0.336946440225951,-1
0.336927409024544,-1
0.336910971292378,-1
0.336896708066513,-1
0.33688427509541,-1
0.336873388868186,-1
0.33686381525244,-1
0.336855360284249,-1
0.336847862718882,-1
0.336841188012928,-1
0.336835223464701,-1
0.33682987428877,-1
0.336825060442104,-1
0.336820714054141,-1
0.336816777341786,-1
0.33681320091378,-1
0.336809942387914,-1
0.33680696525984,-1
0.33680423797457,-1
0.336801733161565,-1
0.336799427002174,-1
0.336797298704446,-1
0.33679533006531,-1
0.336793505104089,-1
0.336791809754461,-1
0.336790231604485,-1
0.336788759676324,-1
0.336787384238875,-1
0.336786096647792,-1
0.336784889208413,-1
0.336783755057917,-1
0.336782688063686,-1
0.336781682735385,-1
0.336780734148693,-1
0.33677983787898,-1
0.336778989943485,-1
0.3367781867508,-1
0.336777425056652,-1
0.336776701925117,-1
0.336776014694546,-1
0.336775360947589,-1
0.336774738484776,-1
0.33677414530121,-1
0.336773579565972,-1
0.336773039603917,-1
0.336772523879544,-1
0.336772030982709,-1
0.336771559615952,-1
0.336771108583232,-1
0.336770676779933,-1
0.336770263183955,-1
0.3367698668478,-1
0.336769486891506,-1
0.336769122496353,-1
0.336768772899241,-1
0.33676843738767,-1
