Error,GradientNorm
0.386244799819175,-1
0.154561693839943,-1
0.0962957089172466,-1
0.0730468500380569,-1
0.0635501471716546,-1
0.0603841893872893,-1
0.0594161155002395,-1
0.0591061436994963,-1
0.0589977023783434,-1
0.0589561425770979,-1
0.0589388971925718,-1
0.0589312762623851,-1
0.058927747420692,-1
0.0589260579313209,-1
0.0589252297704944,-1
0.0589248169167049,-1
0.0589246085025158,-1
0.0589245022376677,-1
0.0589244475859296,-1
