Error,GradientNorm
0.378908530137502,-1
0.161069976918821,-1
0.0934911536086548,-1
0.0759553538351654,-1
0.0705823510213166,-1
0.0684663022378822,-1
0.0674010712293013,-1
0.0667481313175146,-1
0.066298286617177,-1
0.0659732035805049,-1
0.0657347083183275,-1
0.0655577907549488,-1
0.0654239821067543,-1
0.0653198470397495,-1
0.0652360881242887,-1
0.0651665593944704,-1
0.0651073318677187,-1
0.0650559424128417,-1
0.0650108491516411,-1
0.0649710622160722,-1
0.0649359063114896,-1
0.064904876065101,-1
0.0648775536166528,-1
0.0648535659164093,-1
0.0648325657791342,-1
0.064814225912873,-1
0.0647982390599475,-1
0.0647843202197083,-1
0.0647722088459069,-1
0.0647616701210904,-1
0.0647524951007171,-1
0.0647444998623379,-1
0.0647375239253178,-1
0.0647314282202205,-1
0.064726092846291,-1
0.0647214147969047,-1
0.0647173057754197,-1
0.0647136901758275,-1
0.0647105032661701,-1
0.0647076895871146,-1
0.0647052015614164,-1
0.0647029983000941,-1
0.0647010445860227,-1
0.0646993100137595,-1
0.0646977682645594,-1
0.0646963964968597,-1
0.0646951748344484,-1
0.0646940859366943,-1
0.0646931146373715,-1
0.0646922476406398,-1
0.0646914732645611,-1
0.0646907812241263,-1
0.0646901624471367,-1
0.0646896089174369,-1
0.0646891135409669,-1
0.0646886700308998,-1
0.0646882728087916,-1
0.064687916919213,-1
0.064687597955775,-1
0.0646873119968204,-1
0.0646870555493505,-1
0.0646868254999949,-1
0.0646866190720279,-1
0.0646864337875998,-1
0.0646862674344765,-1
0.0646861180366955,-1
0.064685983828632,-1
0.0646858632320432,-1
0.0646857548357222,-1
0.0646856573774429,-1
0.0646855697279208,-1
0.0646854908765524,-1
0.0646854199187243,-1
0.0646853560445121,-1
