Error,GradientNorm
0.352344764665762,-1
0.142918932054868,-1
0.0828052914273783,-1
0.0710886319926244,-1
0.0677196718594717,-1
0.0664026275972086,-1
0.0658036883286362,-1
0.065509424619628,-1
0.0653588690122929,-1
0.0652802237302386,-1
0.0652387165569174,-1
0.0652167003426568,-1
0.0652049946607092,-1
0.0651987639337305,-1
0.0651954456864792,-1
0.0651936780847952,-1
0.0651927363934987,-1
0.0651922346812369,-1
0.0651919673739932,-1
0.0651918249539628,-1
0.0651917490729216,-1
0.0651917086436179,-1
