Error,GradientNorm
0.74645367187772,-1
0.63271096726999,-1
0.613630966627373,-1
0.606028141098337,-1
0.60162202051756,-1
0.598992984082716,-1
0.597452527541797,-1
0.596561573399868,-1
0.596048763303016,-1
0.595753342217658,-1
0.595582384480123,-1
0.595482778288535,-1
0.595424265642792,-1
0.595389580162992,-1
0.595368822852752,-1
0.595356280706053,-1
0.595348630219185,-1
0.595343920775384,-1
0.595340996700144,-1
0.595339166624762,-1
0.595338012901968,-1
0.595337280816904,-1
0.595336813593555,-1
