InputName,Opt_delta
in000751,0.0529092326760292
in001951,0.0518347434699535
in002251,0.049732618033886
in003001,0.053886666893959
in003601,0.0631333813071251
in004351,0.0542425699532032
