Error,GradientNorm
0.830536034171178,-1
0.562623318565196,-1
0.539033253382099,-1
0.511040784014343,-1
0.464200378730381,-1
0.413123643232568,-1
0.380118740655485,-1
0.365476996033984,-1
0.360073911453058,-1
0.358206962725731,-1
0.357571489795152,-1
0.357354474828468,-1
0.357279677833496,-1
0.357253621558092,-1
0.357244448966778,-1
0.35724118858533,-1
0.357240019663257,-1
0.357239597420001,-1
0.357239443911374,-1
