Error,GradientNorm
0.378653320806274,-1
0.242949454958755,-1
0.180035250200623,-1
0.1402422659549,-1
0.133723114857552,-1
0.133129296540024,-1
0.133052725043585,-1
0.133026143376704,-1
0.133008646383985,-1
0.132995491029894,-1
0.13298542326693,-1
0.132977709785287,-1
0.132971806801676,-1
0.132967295071252,-1
0.132963850336417,-1
0.132961222439677,-1
0.132959218966799,-1
0.132957692292086,-1
0.132956529377759,-1
0.132955643802247,-1
0.132954969569964,-1
0.132954456328228,-1
0.132954065685323,-1
0.132953768384252,-1
0.13295354213796,-1
0.132953369973909,-1
0.132953238969683,-1
