Error,GradientNorm
0.692002503571381,-1
0.887943492836197,-1
0.661615979119768,-1
0.554526383877336,-1
0.777759800353485,-1
0.606360805363694,-1
0.588620284031368,-1
0.586388367960173,-1
0.586129040818435,-1
0.586099197619037,-1
0.586095767096139,-1
0.586095372802497,-1
