Error,GradientNorm
0.0901391301812974,-1
0.00343082330010581,-1
0.000305124124459275,-1
0.000295455381986987,-1
0.000295325833340492,-1
0.000295322360384054,-1
0.000295322204383882,-1
