Error,GradientNorm
0.613613542801478,-1
0.382317443892872,-1
0.287813383789472,-1
0.252165181326378,-1
0.237396918322434,-1
0.230367400034769,-1
0.226564242574364,-1
0.224296518578979,-1
0.222844797003564,-1
0.221863161103765,-1
0.221168992814099,-1
0.220659230386749,-1
0.220272683890453,-1
0.219971453101924,-1
0.219731164109102,-1
0.219535596294908,-1
0.219373614458597,-1
0.219237360368047,-1
0.219121154487777,-1
0.219020808995181,-1
0.218933184918642,-1
0.21885589783589,-1
0.218787116455189,-1
0.218725421014384,-1
0.218669701428344,-1
0.218619082677485,-1
0.218572869394899,-1
0.218530504297992,-1
0.218491536774535,-1
0.218455599000827,-1
0.218422387685017,-1
0.218391650029218,-1
0.218363172867568,-1
0.218336774207883,-1
0.218312296607604,-1
0.218289601966473,-1
0.218268567429783,-1
0.21824908217601,-1
0.218231044918381,-1
0.218214361987837,-1
0.218198945890378,-1
0.218184714249148,-1
0.218171589054146,-1
0.218159496152495,-1
0.218148364920956,-1
0.218138128070783,-1
0.218128721543116,-1
0.218120084460981,-1
0.218112159111374,-1
0.218104890937588,-1
0.218098228527876,-1
0.218092123591415,-1
0.218086530916554,-1
0.218081408309345,-1
0.218076716512564,-1
0.218072419106963,-1
0.218068482397362,-1
0.218064875286693,-1
0.218061569141225,-1
0.218058537650065,-1
0.21805575668181,-1
0.218053204140843,-1
0.218050859825381,-1
0.218048705289005,-1
0.218046723707018,-1
0.218044899748623,-1
0.218043219455643,-1
0.218041670128212,-1
0.218040240217682,-1
0.218038919226806,-1
0.218037697617102,-1
0.218036566723238,-1
0.218035518674158,-1
0.218034546320642,-1
0.218033643168944,-1
0.218032803320136,-1
0.218032021414771,-1
0.218031292582494,-1
0.218030612396209,-1
0.218029976830462,-1
0.21802938222367,-1
0.218028825243895,-1
0.218028302857828,-1
0.218027812302723,-1
0.218027351060999,-1
0.218026916837259,-1
0.218026507537529,-1
0.218026121250468,-1
0.218025756230403,-1
0.218025410881977,-1
0.218025083746285,-1
0.218024773488338,-1
0.218024478885722,-1
0.218024198818355,-1
0.21802393225921,-1
0.218023678265934,-1
0.218023435973255,-1
0.218023204586111,-1
0.218022983373425,-1
0.218022771662473,-1
