Error,GradientNorm
0.0847378905351447,-1
0.00696615800108711,-1
0.000430556980251771,-1
0.000422368060962176,-1
0.000422224286396559,-1
0.000422210772274899,-1
0.00042220935998354,-1
0.000422209211123821,-1
