Error,GradientNorm
0.105716939660747,-1
0.00742303681795894,-1
0.000856832221720224,-1
0.000700682939219233,-1
0.000665894627831326,-1
0.000655662668475704,-1
0.000652701757682813,-1
0.000651857128704729,-1
0.000651617388874113,-1
0.000651549443021335,-1
0.000651530194487813,-1
0.000651524742200401,-1
0.000651523197854354,-1
0.000651522760426749,-1
