Error,GradientNorm
0.182644211617266,-1
0.000365901727219725,-1
3.15166749722387e-05,-1
3.06542590563057e-05,-1
3.06251411284377e-05,-1
3.06241583733194e-05,-1
3.0624125220834e-05,-1
3.06241241024808e-05,-1
