Error,GradientNorm
0.104222886444682,-1
0.0274903104361071,-1
0.00262838346549592,-1
0.000247374675878906,-1
0.000217323231872453,-1
0.000217210339153736,-1
0.00021720989093219,-1
0.000217209889115768,-1
