Error,GradientNorm
0.532396751554479,-1
0.233811845259615,-1
0.107870141745296,-1
0.0707388596303782,-1
0.0572777170452179,-1
0.0509634861341788,-1
0.0483133080741318,-1
0.047197275851222,-1
0.0466796422825393,-1
0.0464071230587455,-1
0.0462443965384865,-1
0.0461357499969982,-1
0.0460564042339423,-1
0.0459945774908788,-1
0.0459443199744906,-1
0.0459024245942848,-1
0.0458670184131528,-1
0.0458368979377638,-1
0.0458112097515043,-1
0.0457892957723169,-1
0.0457706177527255,-1
0.045754719821936,-1
0.0457412090764437,-1
0.0457297445814457,-1
0.0457200302213251,-1
0.0457118093071988,-1
0.0457048600292302,-1
0.045698991386894,-1
0.0456940394690619,-1
0.0456898640502207,-1
0.0456863454989533,-1
0.045683381998105,-1
0.0456808870703674,-1
0.0456787873958661,-1
0.0456770209025784,-1
0.0456755351067369,-1
0.0456742856786516,-1
0.0456732352091843,-1
0.0456723521529729,-1
0.045671609926035,-1
0.0456709861372965,-1
0.0456704619356469,-1
0.0456700214562,-1
0.0456696513514247,-1
0.0456693403946586,-1
0.0456690791451961,-1
0.045668859665648,-1
0.0456686752835965,-1
0.045668520390732,-1
0.0456683902736687,-1
0.0456682809715061,-1
0.0456681891559537,-1
0.0456681120304765,-1
0.0456680472454662,-1
0.0456679928269057,-1
0.0456679471163944,-1
0.0456679087207308,-1
