Error,GradientNorm
0.743869027951269,-1
0.635719429366102,-1
0.458382836922092,-1
0.439767480115,-1
0.435408881343003,-1
0.432812274034738,-1
0.429971115690228,-1
0.42606022337866,-1
0.421134986544212,-1
0.416127420909908,-1
0.411991862660195,-1
0.408999358270218,-1
0.406949212453405,-1
0.405562416687284,-1
0.404625862521577,-1
0.403995339099213,-1
0.403573347467786,-1
0.403292611850716,-1
0.403070227864154,-1
0.397738038345088,-1
0.278374198568906,-1
0.254019587486351,-1
0.253718274496269,-1
0.253669241893776,-1
0.253643173274079,-1
0.253627556976411,-1
0.253617768971152,-1
0.253611511293612,-1
0.253607477271634,-1
0.253604867895203,-1
0.253603177738953,-1
0.253602082395679,-1
0.253601372387807,-1
0.253600912121842,-1
0.253600613744747,-1
0.253600420314246,-1
