Error,GradientNorm
0.958601414059379,-1
0.934196413993858,-1
0.897517358310435,-1
0.871833578013056,-1
0.849515236413289,-1
0.836743435350433,-1
0.830957888792383,-1
0.828500320159512,-1
0.827433271355377,-1
0.826944820510876,-1
0.82670808140475,-1
0.826587374004033,-1
0.826523226318975,-1
0.826488005863327,-1
0.826468171867667,-1
0.826456781866355,-1
0.826450141617321,-1
0.826446225332168,-1
0.826443895021126,-1
0.826442499011918,-1
0.826441658408796,-1
0.826441150273542,-1
