Error,GradientNorm
0.190987159272342,-1
0.0348778147382083,-1
0.000717007692038183,-1
0.00021987834002928,-1
0.00021722044450715,-1
0.000217209931845195,-1
0.000217209889282153,-1
