Error,GradientNorm
0.25979714302972,-1
0.030309479955962,-1
0.00165188396392825,-1
0.00144809905848143,-1
0.0014444778040572,-1
0.00144417989140092,-1
0.00144413437348945,-1
0.00144412673185229,-1
0.00144412543623077,-1
