Error,GradientNorm
0.537093074812978,-1
0.451231049468581,-1
0.439468701930263,-1
0.438711460954472,-1
0.438666145467841,-1
0.4386634459378,-1
0.438663285164637,-1
