Error,GradientNorm
0.663387017415632,-1
0.596005724694038,-1
0.587150835680082,-1
0.586584273430814,-1
0.586550382357016,-1
0.586548363449745,-1
0.586548243211912,-1
