Error,GradientNorm
0.775032144369785,-1
0.576379241477674,-1
0.492905667244596,-1
0.45428224638249,-1
0.435025060816998,-1
0.424655492135582,-1
0.418644371513606,-1
0.41492461991009,-1
0.41249273034793,-1
0.410831239793018,-1
0.409656204264387,-1
0.408802046592939,-1
0.408166939687355,-1
0.407685491830403,-1
0.407314238870233,-1
0.407023487518747,-1
0.406792496972504,-1
0.406606511320089,-1
0.40645486753773,-1
0.40632975462337,-1
0.406225380716557,-1
0.406137403192543,-1
0.406062532242835,-1
0.405998251150522,-1
0.40594261638771,-1
0.405894113135264,-1
0.405851549808797,-1
0.405813980378177,-1
0.405780646712656,-1
0.405750935497741,-1
0.405724345846253,-1
0.405700464814879,-1
0.40567894880005,-1
0.405659509328054,-1
0.405641902143035,-1
0.405625918778881,-1
0.405611380008055,-1
0.405598130713375,-1
0.40558603584237,-1
0.405574977188604,-1
0.405564850807744,-1
0.40555556492357,-1
0.405547038214673,-1
0.405539198399195,-1
0.405531981054907,-1
0.405525328626812,-1
0.405519189585658,-1
0.405513517709119,-1
0.405508271463688,-1
0.405503413470063,-1
0.405498910038405,-1
0.405494730762559,-1
0.405490848164425,-1
0.405487237381279,-1
0.405483875890087,-1
0.405480743263873,-1
0.405477820955948,-1
0.405475092108482,-1
0.405472541382387,-1
0.405470154805928,-1
0.405467919639808,-1
0.405465824256788,-1
0.405463858034159,-1
0.405462011257562,-1
0.405460275034893,-1
0.405458641219125,-1
0.405457102339075,-1
0.405455651537211,-1
0.405454282513749,-1
0.40545298947633,-1
0.40545176709469,-1
0.405450610459781,-1
0.405449515046866,-1
0.405448476682172,-1
0.405447491512728,-1
0.405446555979055,-1
0.405445666790418,-1
0.405444820902373,-1
0.405444015496379,-1
0.40544324796127,-1
0.405442515876399,-1
0.405441816996289,-1
0.405441149236645,-1
0.405440510661596,-1
0.405439899472046,-1
0.405439313995028,-1
0.405438752673973,-1
0.405438214059799,-1
0.405437696802755,-1
0.405437199644933,-1
0.405436721413412,-1
0.405436261013953,-1
0.405435817425213,-1
0.405435389693418,-1
0.405434976927471,-1
0.405434578294438,-1
