Error,GradientNorm
0.781333732613895,-1
0.578957317633215,-1
0.470240694541438,-1
0.417381331437654,-1
0.39267781174034,-1
0.381053688360542,-1
0.37538916303991,-1
0.372349505651012,-1
0.37053083698765,-1
0.369346111795024,-1
0.368528137513331,-1
0.367940320797594,-1
0.367505191358254,-1
0.367175308874894,-1
0.366920029686686,-1
0.366718794678582,-1
0.366557413914377,-1
0.366425872703555,-1
0.366316972891729,-1
0.366225460485015,-1
0.366147449410303,-1
0.366080031970136,-1
0.366021010305873,-1
0.365968708108485,-1
0.365921836596097,-1
0.365879397825309,-1
0.365840614086593,-1
0.365804875780729,-1
0.365771702556739,-1
0.365740714075987,-1
0.365711607836554,-1
0.365684142224783,-1
0.365658123469976,-1
0.365633395536524,-1
0.365609832242975,-1
0.36558733108126,-1
0.36556580834276,-1
0.365545195255687,-1
0.365525434910391,-1
0.365506479802705,-1
0.365488289865384,-1
0.365470830887587,-1
0.365454073244873,-1
0.365437990879205,-1
0.365422560481338,-1
0.365407760837837,-1
0.365393572312528,-1
0.365379976437987,-1
0.365366955597255,-1
0.365354492779487,-1
0.365342571396095,-1
0.365331175146213,-1
0.365320287922141,-1
0.365309893746942,-1
0.365299976737626,-1
0.365290521088413,-1
0.365281511069437,-1
0.365272931037055,-1
0.365264765452532,-1
0.365256998906482,-1
0.365249616146878,-1
0.365242602108908,-1
0.365235941945277,-1
0.365229621055868,-1
0.365223625115951,-1
0.365217940102314,-1
0.365212552316903,-1
0.365207448407701,-1
0.365202615386678,-1
0.365198040644785,-1
0.365193711963995,-1
0.365189617526508,-1
0.365185745921226,-1
0.365182086147689,-1
0.365178627617647,-1
0.365175360154481,-1
0.365172273990682,-1
0.365169359763589,-1
0.365166608509612,-1
0.365164011657124,-1
0.365161561018217,-1
0.365159248779506,-1
0.365157067492147,-1
0.365155010061217,-1
0.365153069734596,-1
0.365151240091493,-1
0.365149515030711,-1
0.365147888758757,-1
0.3651463557779,-1
0.365144910874233,-1
0.365143549105831,-1
0.365142265791038,-1
0.365141056496956,-1
0.365139917028162,-1
0.365138843415691,-1
0.365137831906314,-1
0.365136878952136,-1
0.36513598120052,-1
0.365135135484363,-1
0.365134338812721,-1
0.36513358836179,-1
0.365132881466254,-1
0.365132215610985,-1
0.365131588423097,-1
0.365130997664362,-1
0.365130441223955,-1
0.365129917111549,-1
0.365129423450732,-1
0.365128958472739,-1
0.365128520510503,-1
0.365128107992995,-1
0.365127719439855,-1
0.365127353456302,-1
0.365127008728302,-1
