Error,GradientNorm
0.631242920879832,-1
0.347864219046409,-1
0.251770454923913,-1
0.211872588167047,-1
0.193464647059352,-1
0.184085500734611,-1
0.179104610531867,-1
0.176356280729907,-1
0.174768168170189,-1
0.173812420775462,-1
0.173218586984502,-1
0.172839966989002,-1
0.172593016192963,-1
0.172428426773797,-1
0.172316341153355,-1
0.172238326381151,-1
0.172182819757163,-1
0.17214246198288,-1
0.172112501032089,-1
0.172089821709762,-1
0.172072348441984,-1
0.172058673970815,-1
0.172047826284343,-1
0.172039120894325,-1
0.172032066234719,-1
0.172026302386641,-1
0.172021560886348,-1
0.17201763799255,-1
0.172014376633202,-1
0.172011654012635,-1
0.172009372956456,-1
0.172007455758703,-1
0.172005839729218,-1
0.172004473914695,-1
0.172003316643419,-1
0.172002333657938,-1
0.172001496674521,-1
0.172000782257601,-1
0.17200017093038,-1
0.171999646465131,-1
0.171999195312122,-1
0.171998806136761,-1
0.171998469442191,-1
0.171998177259973,-1
0.171997922895476,-1
0.17199770071757,-1
0.171997505984354,-1
0.171997334698418,-1
