Error,GradientNorm
0.0940260386860215,-1
0.00373679320191054,-1
2.32352426481481e-05,-1
2.27694937916121e-05,-1
2.2769477188131e-05,-1
