Error,GradientNorm
0.0873779224880353,-1
0.000882408020261732,-1
0.000143869468435298,-1
0.000143800249852618,-1
0.000143799625616783,-1
0.00014379961324343,-1
