Error,GradientNorm
0.84847765371484,-1
0.725740107799343,-1
0.670518935247881,-1
0.635901704738764,-1
0.61403593720341,-1
0.601686804908967,-1
0.595603984601453,-1
0.592741257165265,-1
0.59134455452274,-1
0.590605425716021,-1
0.590173631431487,-1
0.589895853691743,-1
0.589702035461318,-1
0.589558201104048,-1
0.589446692766829,-1
0.589357626138081,-1
0.589285039368409,-1
0.589225074238005,-1
0.589175073672172,-1
0.589133110633711,-1
0.589097729189014,-1
0.589067794582258,-1
0.589042401780395,-1
0.589020816754907,-1
0.589002436899986,-1
0.588986763136134,-1
0.588973379469665,-1
0.588961937519681,-1
0.588952144493625,-1
0.588943753648668,-1
0.588936556604796,-1
0.588930377075899,-1
0.588925065711323,-1
0.588920495822641,-1
0.588916559825824,-1
0.588913166267681,-1
0.588910237333309,-1
0.588907706751944,-1
0.588905518034322,-1
0.588903622986861,-1
0.58890198045763,-1
0.588900555276826,-1
0.588899317360734,-1
0.588898240953311,-1
0.588897303983742,-1
0.588896487521827,-1
0.588895775315976,-1
0.588895153400989,-1
0.588894609764865,-1
