Error,GradientNorm
0.706347310916304,-1
0.40443829600326,-1
0.344514351700546,-1
0.30232390126007,-1
0.271458292006075,-1
0.254372543824709,-1
0.246716305006394,-1
0.243516680513663,-1
0.242159211896683,-1
0.241556179668778,-1
0.241274172648915,-1
0.241135922731488,-1
0.241065369956314,-1
0.241028151653911,-1
0.241007976204163,-1
0.240996787267853,-1
0.240990457642503,-1
0.240986810875267,-1
0.240984671865979,-1
0.240983393772999,-1
0.240982614702593,-1
0.24098212928738,-1
0.240981819456673,-1
0.24098161646527,-1
