Error,GradientNorm
0.96955731071979,-1
0.958166219569125,-1
0.957040828879296,-1
0.956610692314601,-1
0.956341465586026,-1
0.956149260373842,-1
0.956004957787948,-1
0.955892677058084,-1
0.955802189757183,-1
0.955726573681136,-1
0.955661072366966,-1
0.955602399062874,-1
0.955548281231749,-1
0.955497157717544,-1
0.955447976027475,-1
0.955400054895401,-1
0.955352988791002,-1
0.955306578937851,-1
0.955260780862227,-1
0.955215662283926,-1
0.955171367793179,-1
0.955128088549168,-1
0.955086036375254,-1
0.955045422243171,-1
0.955006439347641,-1
0.954969250894334,-1
0.954933982482196,-1
0.954900718670834,-1
0.954869503073993,-1
0.954840341164275,-1
0.954813204929036,-1
0.954788038570681,-1
0.954764764567779,-1
0.954743289572549,-1
0.954723509785518,-1
0.954705315597664,-1
0.954688595412175,-1
0.954673238647607,-1
0.95465913798362,-1
0.954646190944093,-1
0.954634300926531,-1
0.954623377787122,-1
0.954613338082676,-1
0.954604105057999,-1
0.954595608452822,-1
0.954587784188044,-1
0.954580573977933,-1
0.954573924903511,-1
0.954567788972859,-1
0.954562122686446,-1
0.954556886619578,-1
0.954552045029568,-1
0.954547565491804,-1
0.954543418566523,-1
0.954539577496396,-1
0.954536017933905,-1
0.954532717696812,-1
0.954529656549624,-1
0.954526816008765,-1
0.954524179169161,-1
0.954521730549994,-1
0.954519455957524,-1
0.954517342363032,-1
0.954515377794112,-1
0.954513551237738,-1
0.954511852553687,-1
0.954510272397076,-1
0.954508802148916,-1
0.954507433853727,-1
0.954506160163374,-1
0.954504974286402,-1
0.954503869942223,-1
0.954502841319621,-1
0.954501883039079,-1
0.954500990118519,-1
