Error,GradientNorm
0.430986721735554,-1
0.180863766336303,-1
0.101146121791921,-1
0.0829389033694397,-1
0.0780678717685996,-1
0.0759924807956527,-1
0.0747426537806677,-1
0.073851779807207,-1
0.0731775136960195,-1
0.072662275707605,-1
0.072271387112219,-1
0.0719766463623731,-1
0.0717536568594539,-1
0.0715824072243113,-1
0.0714475666840196,-1
0.0713379858562696,-1
0.071245814359389,-1
0.0711656217276427,-1
0.0710936921275358,-1
0.0710275168170296,-1
0.0709654478241717,-1
0.0709064641024937,-1
0.0708500082942884,-1
0.07079586406254,-1
0.0707440554229057,-1
0.0706947589355569,-1
0.070648226428358,-1
0.070604719885527,-1
0.0705644613702485,-1
0.0705275999506695,-1
0.0704941955428485,-1
0.070464217417137,-1
0.0704375536082547,-1
0.0704140269420046,-1
0.0703934137462138,-1
0.0703754622186208,-1
0.0703599085112556,-1
0.0703464895819021,-1
0.0703349526137414,-1
0.0703250612825576,-1
0.0703165993943222,-1
0.0703093724897021,-1
0.0703032079811995,-1
0.0702979543051358,-1
0.0702934794698542,-1
0.0702896692841091,-1
0.0702864254657912,-1
0.0702836637642138,-1
0.0702813121786757,-1
0.0702793093196429,-1
0.0702776029338204,-1
0.0702761485978984,-1
0.0702749085755009,-1
0.0702738508259887,-1
0.0702729481508476,-1
0.0702721774623986,-1
0.0702715191597695,-1
0.0702709565979571,-1
0.0702704756370639,-1
0.070270064260183,-1
0.0702697122498085,-1
0.0702694109139794,-1
0.0702691528545855,-1
0.0702689317713589,-1
0.0702687422960314,-1
0.0702685798519784,-1
0.0702684405353849,-1
0.0702683210145852,-1
0.070268218444751,-1
0.0702681303955444,-1
0.0702680547897296,-1
0.0702679898510472,-1
