Error,GradientNorm
0.802048842769628,-1
0.328611568463761,-1
0.209986044166133,-1
0.199244011345059,-1
0.198569317261152,-1
0.198528327130901,-1
0.198525839261952,-1
0.198525688074013,-1
