Error,GradientNorm
0.793329884950717,-1
0.722529833636204,-1
0.656901938763002,-1
0.633704290475308,-1
0.607015985681226,-1
0.568901935870751,-1
0.545817305422996,-1
0.530950986678211,-1
0.518625862860038,-1
0.509473458794612,-1
0.503744925049201,-1
0.500549032189338,-1
0.498855597913416,-1
0.497957383550243,-1
0.497455885972772,-1
0.497143787277208,-1
0.496915522169714,-1
0.496716400730129,-1
0.496516482601279,-1
0.496297687325558,-1
0.496047550930712,-1
0.49575627807108,-1
0.495415466548237,-1
0.495017734529194,-1
0.494556883486802,-1
0.494028404774322,-1
0.493430194280929,-1
0.492763333987906,-1
0.492032768088919,-1
0.491247677616279,-1
0.4904213726817,-1
0.489570596346327,-1
0.48871426500543,-1
0.487871821472415,-1
0.487061492235479,-1
0.486298770393857,-1
0.485595377173934,-1
0.484958818437442,-1
0.484392504617292,-1
0.483896294044924,-1
0.483467274258685,-1
0.483100607600816,-1
0.482790313197393,-1
0.482529912521886,-1
0.482312913134303,-1
0.482133137591143,-1
0.481984921917872,-1
0.4818632139994,-1
0.481763601113466,-1
0.48168229121695,-1
0.481616066926255,-1
0.481562225772083,-1
0.481518515856808,-1
0.481483072641379,-1
0.481454360148323,-1
0.481431118208119,-1
0.481412316306144,-1
0.481397113937968,-1
0.481384827018389,-1
0.481374899714837,-1
0.481366881018263,-1
0.481360405376332,-1
0.481355176763061,-1
0.481350955625889,-1
0.481347548223304,-1
0.481344797936503,-1
0.48134257820345,-1
0.481340786781331,-1
0.481339341093496,-1
0.481338174459691,-1
0.481337233044364,-1
0.481336473387853,-1
0.481335860410173,-1
0.481335365797603,-1
0.481334966699104,-1
