Error,GradientNorm
0.826239155779187,-1
0.710484217269155,-1
0.643220732108229,-1
0.616040733037428,-1
0.604053626278836,-1
0.597724267623344,-1
0.593783619061495,-1
0.590951753727195,-1
0.588698392168441,-1
0.586807966775918,-1
0.585199634844462,-1
0.583843283236997,-1
0.582720199569593,-1
0.581808165438788,-1
0.581079402482837,-1
0.580503574057771,-1
0.580051354733175,-1
0.579696792524261,-1
0.579418278627245,-1
0.579198541131654,-1
0.579024133077346,-1
0.578884748360136,-1
0.578772550290001,-1
0.578681592994328,-1
0.578607356467075,-1
0.578546387912006,-1
0.578496031732063,-1
0.578454229048787,-1
0.57841936984198,-1
0.578390184075811,-1
0.578365661364307,-1
0.578344991408133,-1
0.578327519529455,-1
0.57831271320381,-1
0.578300136638822,-1
0.578289431279669,-1
0.578280300714689,-1
0.578272498877182,-1
0.578265820740176,-1
0.578260094915343,-1
0.578255177720682,-1
0.57825094839201,-1
0.578247305193326,-1
0.578244162239623,-1
0.578241446888767,-1
0.578239097591206,-1
0.578237062110332,-1
0.578235296044643,-1
0.578233761596885,-1
0.578232426546204,-1
0.578231263387808,-1
0.578230248611352,-1
0.578229362094512,-1
0.578228586592508,-1
0.5782279073077,-1
0.578227311526179,-1
0.578226788310491,-1
