Error,GradientNorm
0.048795798080686,-1
0.0014745524283659,-1
0.000185333697616847,-1
0.000157637835554286,-1
0.000147982439715196,-1
0.000144106806169916,-1
0.000142511277499582,-1
0.000141833455608532,-1
0.000141539158142205,-1
0.000141409796450993,-1
0.000141352567938508,-1
0.000141327168549465,-1
0.000141315877586783,-1
0.0001413108543649,-1
0.000141308618720445,-1
0.000141307623530329,-1
0.00014130718048309,-1
0.000141306983234495,-1
0.000141306895415683,-1
