Error,GradientNorm
0.851565989033446,-1
0.720958453038137,-1
0.6699219257079,-1
0.641842064314488,-1
0.624231279499055,-1
0.611610171919058,-1
0.602175382971853,-1
0.595342572736267,-1
0.590670835030147,-1
0.587621434600704,-1
0.585673498838258,-1
0.58442729925039,-1
0.583615542360564,-1
0.583071674402563,-1
0.582694953283834,-1
0.582424809202457,-1
0.582224544525398,-1
0.582071568550548,-1
0.581951675209989,-1
0.581855702831739,-1
0.581777573831213,-1
0.58171313246543,-1
0.581659446828408,-1
0.581614383460851,-1
0.581576343842744,-1
0.58154409818205,-1
0.581516678433193,-1
0.581493307867696,-1
0.581473353540323,-1
0.581456293336027,-1
0.581441692477676,-1
0.58142918630315,-1
0.581418467295727,-1
0.581409275074651,-1
0.581401388502006,-1
0.581394619344076,-1
0.581388807104743,-1
0.581383814764086,-1
0.581379525231052,-1
0.581375838369709,-1
0.581372668493038,-1
0.581369942242383,-1
0.581367596787897,-1
0.581365578298096,-1
0.581363840636165,-1
0.581362344248116,-1
0.581361055213712,-1
0.581359944435803,-1
0.581358986947511,-1
0.581358161319914,-1
0.581357449155458,-1
0.581356834654582,-1
0.581356304244871,-1
