Error,GradientNorm
0.0548949426732067,-1
0.00169534750341879,-1
8.07352286131915e-05,-1
7.61374359891357e-05,-1
7.57100923705034e-05,-1
7.56404564993472e-05,-1
7.56286839872093e-05,-1
7.56266859397269e-05,-1
7.56263466652346e-05,-1
7.56262890519107e-05,-1
