Error,GradientNorm
0.0933641108551928,-1
0.00150571276028596,-1
0.000115719154953802,-1
0.000115264224803761,-1
0.000115258906631115,-1
0.000115258691071329,-1
0.000115258680699086,-1
