Error,GradientNorm
0.136034029844931,-1
0.00567200383716288,-1
0.000734362280424744,-1
0.000674843706465246,-1
0.000658316089370627,-1
0.000653464763702993,-1
0.000652074200145224,-1
0.000651678950270851,-1
0.000651566886101113,-1
0.000651535135624848,-1
0.000651526141785108,-1
0.000651523594280754,-1
0.000651522872712181,-1
0.000651522668332244,-1
