Error,GradientNorm
0.0820541152481645,-1
0.00540202850658588,-1
0.000351364628152959,-1
0.00029903821256546,-1
0.000295604380484848,-1
0.000295343874599653,-1
0.000295323865739063,-1
0.000295322322846543,-1
0.000295322203677489,-1
