Error,GradientNorm
0.0828951606597485,-1
0.00458960115225693,-1
0.000172297679367026,-1
0.000118570801615306,-1
0.00011542311655427,-1
0.000115266742837298,-1
0.000115259075295616,-1
0.000115258699529612,-1
0.000115258681114515,-1
