Error,GradientNorm
0.909846941292659,-1
0.77616732481642,-1
0.700478974493459,-1
0.631292956516188,-1
0.593617206449402,-1
0.576357353370855,-1
0.568133291360767,-1
0.563985422457975,-1
0.561835254362303,-1
0.560711023863263,-1
0.560122422288786,-1
0.559814454613372,-1
0.559653457913856,-1
0.559569345551457,-1
0.559525417099574,-1
0.559502479117019,-1
0.559490502438049,-1
0.559484249040425,-1
0.55948098386027,-1
0.559479278896923,-1
0.559478388587493,-1
0.559477923661161,-1
