Error,GradientNorm
0.976805906764897,-1
0.942745464895174,-1
0.92056701709581,-1
0.906184294448786,-1
0.898193348809907,-1
0.893719991405265,-1
0.891112188476231,-1
0.889510265725179,-1
0.888471972222983,-1
0.887764339669516,-1
0.887259926858131,-1
0.886886143609482,-1
0.886599955752757,-1
0.886374832833079,-1
0.886193785750837,-1
0.886045534890665,-1
0.885922336062981,-1
0.885818708641195,-1
0.885730667931395,-1
0.885655247170795,-1
0.885590190704999,-1
0.885533751353733,-1
0.88548455307871,-1
0.885441495751008,-1
0.88540368777629,-1
0.885370397588453,-1
0.88534101818485,-1
0.885315040833657,-1
0.88529203532846,-1
0.885271634976679,-1
0.885253525049733,-1
0.885237433791146,-1
0.885223125333531,-1
0.885210394054045,-1
0.885199060024545,-1
0.885188965303335,-1
0.885179970880726,-1
0.885171954138037,-1
0.885164806714255,-1
0.885158432699979,-1
0.885152747096985,-1
0.885147674495675,-1
0.885143147933039,-1
0.885139107901593,-1
0.88513550148567,-1
0.885132281605967,-1
0.885129406356771,-1
0.885126838422973,-1
0.88512454456617,-1
0.885122495170833,-1
0.885120663842907,-1
0.88511902705434,-1
0.885117563827929,-1
0.88511625545767,-1
0.885115085260409,-1
0.885114038355156,-1
0.885113101466856,-1
0.885112262751844,-1
