Error,GradientNorm
0.872772853103132,-1
0.757994111910086,-1
0.591682342238883,-1
0.559801912404249,-1
0.549499775332933,-1
0.544914566014152,-1
0.542204270729305,-1
0.539987697397193,-1
0.537593048190685,-1
0.534599267121725,-1
0.530752387243336,-1
0.5260524917165,-1
0.520857121832816,-1
0.515797727179787,-1
0.511471025686491,-1
0.508165918530676,-1
0.505846703285046,-1
0.50430777753354,-1
0.50331872032805,-1
0.502692358382255,-1
0.502297092896344,-1
0.50204688434975,-1
0.501887444623727,-1
0.501785016567494,-1
0.501718661926609,-1
0.501675336356771,-1
0.501646847692206,-1
0.501628001179606,-1
0.501615469820815,-1
0.501607102554106,-1
0.501601496660921,-1
0.501597730571045,-1
0.501595194978314,-1
0.501593484907946,-1
0.501592330032579,-1
0.501591549275429,-1
0.501591021005433,-1
0.501590663340988,-1
