Error,GradientNorm
0.95319800011769,-1
0.90991100527394,-1
0.904277504390381,-1
0.903918295702316,-1
0.903896819096219,-1
0.903895540122638,-1
0.903895463975304,-1
