Error,GradientNorm
0.0907156481310287,-1
0.000869071845939901,-1
2.28367709877646e-05,-1
2.27695045361241e-05,-1
2.27694772000615e-05,-1
2.27694771854884e-05,-1
