Error,GradientNorm
0.671334404302221,-1
0.398565024711668,-1
0.281783300972728,-1
0.232777536545468,-1
0.214567378571729,-1
0.206860418233349,-1
0.202859980255954,-1
0.200514689660025,-1
0.199057079660451,-1
0.198112394763964,-1
0.197470724784393,-1
0.197009778600136,-1
0.196657444218734,-1
0.196370669819776,-1
0.196123351224032,-1
0.195899486751653,-1
0.195689361971002,-1
0.195487422441198,-1
0.195291038561327,-1
0.195099696541269,-1
0.194914358191795,-1
0.194736874773008,-1
0.19456943802381,-1
0.194414106859052,-1
0.194272460894665,-1
0.194145411162764,-1
0.194033162976588,-1
0.193935295555305,-1
0.193850909019744,-1
0.193778792134969,-1
0.193717577170898,-1
0.193665863762905,-1
0.193622306467494,-1
0.19358566887414,-1
0.193554850987464,-1
0.193528897436083,-1
0.193506993250691,-1
0.193488452489262,-1
0.193472703468421,-1
0.193459273067293,-1
0.193447771587201,-1
0.193437878960961,-1
0.193429332653224,-1
0.193421917316211,-1
0.193415456108854,-1
0.193409803509849,-1
0.193404839426417,-1
0.19340046440009,-1
0.193396595725385,-1
0.193393164318601,-1
0.193390112197229,-1
0.193387390452956,-1
0.193384957621661,-1
0.193382778371529,-1
0.193380822445493,-1
0.19337906380669,-1
0.193377479945906,-1
0.193376051318312,-1
0.193374760883479,-1
0.193373593728034,-1
0.193372536754612,-1
0.193371578424108,-1
0.193370708540957,-1
0.193369918073266,-1
0.19336919900131,-1
0.193368544189211,-1
0.193367947275666,-1
0.193367402580419,-1
0.193366905023798,-1
0.193366450057185,-1
0.193366033602648,-1
0.193365652000334,-1
0.193365301962447,-1
0.193364980532845,-1
0.193364685051475,-1
0.193364413122963,-1
0.19336416258882,-1
0.19336393150279,-1
0.19336371810893,-1
0.193363520822106,-1
0.193363338210597,-1
