Error,GradientNorm
0.861668744407679,-1
0.815232236201276,-1
0.797770705691202,-1
0.792920936747337,-1
0.791587184051854,-1
0.791181682645023,-1
0.791042399056063,-1
0.790989539692445,-1
0.790968133640466,-1
0.790959141481375,-1
0.79095529141931,-1
0.790953627265218,-1
0.790952904615239,-1
