Error,GradientNorm
0.4513635785622,-1
0.190792903015552,-1
0.10030334164935,-1
0.0757407068150297,-1
0.0661042646264556,-1
0.0636454466188576,-1
0.0630517562961595,-1
0.062844213856005,-1
0.0627396958703257,-1
0.0626755319182827,-1
0.0626325439274536,-1
0.0626025187211183,-1
0.0625810213136763,-1
0.0625653403381591,-1
0.0625537113459648,-1
0.0625449466325093,-1
0.0625382299125729,-1
0.0625329919881481,-1
0.062528831555938,-1
0.0625254631568278,-1
0.0625226822179045,-1
0.0625203411900183,-1
0.0625183330469531,-1
0.0625165797525123,-1
0.0625150241271502,-1
0.0625136240683876,-1
0.0625123484173887,-1
0.062511173986775,-1
0.0625100834136717,-1
0.0625090636029188,-1
0.0625081045946015,-1
0.0625071987380434,-1
0.062506340087978,-1
0.0625055239623052,-1
0.0625047466176712,-1
0.062504005011145,-1
0.0625032966249212,-1
0.0625026193372236,-1
0.0625019713271175,-1
0.0625013510042292,-1
0.0625007569567781,-1
0.0625001879130775,-1
0.0624996427129481,-1
0.0624991202864306,-1
0.0624986196378737,-1
0.0624981398339828,-1
0.0624976799947889,-1
0.062497239286771,-1
0.0624968169175668,-1
0.062496412131859,-1
0.0624960242081286,-1
0.0624956524560524,-1
0.0624952962143777,-1
0.0624949548491541,-1
0.0624946277522313,-1
0.0624943143399575,-1
0.0624940140520308,-1
0.0624937263504669,-1
0.0624934507186582,-1
0.0624931866605039,-1
0.0624929336995973,-1
0.0624926913784615,-1
0.0624924592578226,-1
0.0624922369159187,-1
0.0624920239478367,-1
0.0624918199648768,-1
0.0624916245939407,-1
0.0624914374769418,-1
0.0624912582702368,-1
0.0624910866440769,-1
0.0624909222820781,-1
0.0624907648807094,-1
0.0624906141487985,-1
0.0624904698070553,-1
0.0624903315876107,-1
0.0624901992335721,-1
0.0624900724985947,-1
0.0624899511464672,-1
0.0624898349507124,-1
0.0624897236942031,-1
0.0624896171687898,-1
0.0624895151749444,-1
0.0624894175214147,-1
0.0624893240248935,-1
0.0624892345096988,-1
0.062489148807466,-1
0.0624890667568531,-1
0.0624889882032547,-1
0.0624889129985293,-1
0.0624888410007353,-1
0.0624887720738782,-1
0.062488706087667,-1
0.0624886429172804,-1
0.0624885824431423,-1
