Error,GradientNorm
0.569056615153219,-1
0.379152293083748,-1
0.1755277860745,-1
0.152809273123664,-1
0.130517725922651,-1
0.108333195516602,-1
0.0959627899609758,-1
0.0913922252327742,-1
0.0899609708104906,-1
0.089521498522826,-1
0.0893796261898031,-1
0.0893297230388224,-1
0.0893103551239215,-1
0.0893021337850912,-1
0.0892983988534166,-1
0.0892966243670076,-1
0.0892957583031918,-1
0.0892953291052975,-1
0.0892951146166674,-1
0.0892950069424321,-1
0.0892949527591345,-1
