Error,GradientNorm
0.692002503571381,-1
0.887943492836197,-1
0.757681225712302,-1
0.757681225712302,-1
