Error,GradientNorm
0.111753153159076,-1
0.00117201248329924,-1
0.000143895906452052,-1
0.000143800359650861,-1
0.000143799627921318,-1
0.000143799613292125,-1
