Error,GradientNorm
0.995329394941398,-1
0.974605799911631,-1
0.937710465430478,-1
0.919202937606634,-1
0.913170892426497,-1
0.911092212545788,-1
0.910288310164673,-1
0.909942281006043,-1
0.909777398956193,-1
0.909691674971014,-1
0.909644140658528,-1
0.909616646872041,-1
0.909600327434012,-1
0.909590483737215,-1
0.909584477945891,-1
0.909580774315047,-1
0.909578459424675,-1
0.909576983325566,-1
0.90957601253862,-1
0.909575343909919,-1
