Error,GradientNorm
0.0656945671402786,-1
0.00629315107206965,-1
5.16121162459352e-05,-1
1.88855933092144e-05,-1
1.86803568209324e-05,-1
1.86790543156027e-05,-1
1.86790458280924e-05,-1
