Error,GradientNorm
0.697348033403253,-1
0.606360805363694,-1
0.588620284031368,-1
0.586388367960174,-1
0.586129040818435,-1
0.586099197619037,-1
0.586095767096139,-1
0.586095372802497,-1
