Error,GradientNorm
0.981962754976943,-1
0.944569544988033,-1
0.896400644803865,-1
0.866102759658467,-1
0.843456366250057,-1
0.823853558552864,-1
0.810998050776938,-1
0.804627312999472,-1
0.801901083969159,-1
0.800786468194998,-1
0.800327356383482,-1
0.800131912703065,-1
0.800044904039511,-1
0.800004234975761,-1
0.799984300934544,-1
0.799974100561453,-1
0.799968683718607,-1
0.799965716442847,-1
0.799964048751992,-1
0.799963091342336,-1
0.799962531859995,-1
