Error,GradientNorm
0.867822283468771,-1
0.801200023101098,-1
0.787859054342247,-1
0.78619295902144,-1
0.785999556759818,-1
0.785977302589312,-1
0.785974744469505,-1
0.78597445044759,-1
