Error,GradientNorm
0.804350877463016,-1
0.549309401139578,-1
0.483073308534715,-1
0.458959697692298,-1
0.447490715953136,-1
0.439036118703421,-1
0.431920527823267,-1
0.426137206463836,-1
0.421738850122317,-1
0.418572339031947,-1
0.416366037681381,-1
0.414844398554063,-1
0.413784899841202,-1
0.413028083522035,-1
0.412467062506681,-1
0.412032814587277,-1
0.411681647178795,-1
0.411386155117928,-1
0.411129189847804,-1
0.410899996495855,-1
0.410691790577385,-1
0.410500252366269,-1
0.41032259402994,-1
0.410156980788954,-1
0.410002170327825,-1
0.409857287066154,-1
0.409721680254793,-1
0.409594834616721,-1
0.409476314251791,-1
0.40936572780971,-1
0.409262707374667,-1
0.40916689623058,-1
0.409077942369113,-1
0.408995495671348,-1
0.408919207381588,-1
0.408848730943874,-1
0.408783723575413,-1
0.408723848159075,-1
0.40866877518167,-1
0.408618184546045,-1
0.408571767156204,-1
0.408529226224215,-1
0.408490278281665,-1
0.408454653900998,-1
0.408422098146376,-1
0.408392370781999,-1
0.408365246269893,-1
0.408340513590216,-1
0.408317975916281,-1
0.408297450174313,-1
0.408278766515108,-1
0.408261767721531,-1
0.408246308572522,-1
0.408232255181064,-1
0.408219484320613,-1
0.408207882751759,-1
0.408197346558521,-1
0.408187780501546,-1
0.408179097393722,-1
0.408171217502187,-1
0.408164067979457,-1
0.408157582325355,-1
0.408151699880613,-1
0.40814636535231,-1
0.408141528370826,-1
0.408137143077585,-1
0.408133167742548,-1
0.408129564410215,-1
0.408126298572765,-1
0.408123338868851,-1
0.40812065680653,-1
0.40811822650881,-1
0.40811602448029,-1
0.40811402939342,-1
0.408112221892955,-1
0.408110584417239,-1
0.408109101035012,-1
0.408107757296525,-1
0.408106540097793,-1
0.408105437556929,-1
0.408104438901533,-1
0.408103534366214,-1
0.408102715099372,-1
0.408101973078445,-1
0.408101301032879,-1
0.408100692374144,-1
0.408100141132171,-1
0.408099641897636,-1
0.408099189769575,-1
0.40809878030783,-1
0.40809840948992,-1
