Error,GradientNorm
0.463321555629524,-1
0.230557586033777,-1
0.0864971537725642,-1
0.0366756812591714,-1
0.032531839075539,-1
0.032122137089537,-1
0.0320689316645103,-1
0.0320615556490305,-1
0.0320605163801922,-1
0.032060369162373,-1
0.032060348263274,-1
