Error,GradientNorm
0.0636136076953128,-1
0.000444090964409409,-1
1.87294475989901e-05,-1
1.86792698059518e-05,-1
1.86790472225744e-05,-1
1.86790457817551e-05,-1
