Error,GradientNorm
0.428569010207238,-1
0.18893890579176,-1
0.109319623942108,-1
0.0895950409273192,-1
0.0836215437472622,-1
0.0811730999082295,-1
0.0799303457783499,-1
0.079211376922123,-1
0.0787561652132826,-1
0.0784463958691448,-1
0.0782223621843294,-1
0.0780519428958204,-1
0.0779171413724324,-1
0.0778075960205815,-1
0.0777171636867823,-1
0.0776420098555767,-1
0.0775795256627777,-1
0.0775277363306103,-1
0.0774850054729869,-1
0.0774499072855483,-1
0.0774211825623404,-1
0.0773977280269726,-1
0.0773785930016975,-1
0.0773629730592866,-1
0.077350198598248,-1
0.0773397197001078,-1
0.0773310894000957,-1
0.0773239471512012,-1
0.0773180036173153,-1
0.07731302735403,-1
0.0773088335297797,-1
0.0773052745977002,-1
0.0773022327074689,-1
0.0772996136031198,-1
0.0772973417540427,-1
0.0772953564897364,-1
0.0772936089408783,-1
0.0772920596223815,-1
0.0772906765246357,-1
0.0772894336055696,-1
0.0772883095982271,-1
0.0772872870665127,-1
0.0772863516561499,-1
0.0772854914993123,-1
0.0772846967403685,-1
0.0772839591572319,-1
0.0772832718583082,-1
0.077282629039343,-1
0.0772820257878246,-1
0.0772814579252257,-1
0.0772809218794183,-1
0.0772804145812028,-1
0.0772799333801526,-1
0.0772794759759679,-1
0.0772790403623082,-1
0.077278624780692,-1
0.0772782276825358,-1
0.0772778476977902,-1
0.0772774836089373,-1
0.0772771343293545,-1
0.0772767988852458,-1
0.0772764764004949,-1
0.0772761660839177,-1
0.0772758672184914,-1
0.0772755791522177,-1
0.0772753012903391,-1
0.0772750330886822,-1
0.0772747740479395,-1
0.0772745237087387,-1
0.0772742816473736,-1
0.0772740474720918,-1
0.0772738208198559,-1
0.0772736013535059,-1
0.077273388759264,-1
0.0772731827445334,-1
0.0772729830359499,-1
0.0772727893776514,-1
0.0772726015297361,-1
0.0772724192668866,-1
0.0772722423771362,-1
0.0772720706607625,-1
0.0772719039292913,-1
0.0772717420045982,-1
0.0772715847180978,-1
0.0772714319100085,-1
0.0772712834286871,-1
0.077271139130024,-1
0.077270998876893,-1
0.0772708625386511,-1
0.0772707299906813,-1
0.0772706011139764,-1
0.0772704757947578,-1
0.0772703539241273,-1
0.0772702353977482,-1
0.0772701201155526,-1
0.0772700079814736,-1
0.0772698989031989,-1
0.0772697927919443,-1
0.0772696895622458,-1
0.0772695891317682,-1
0.077269491421128,-1
0.0772693963537309,-1
0.0772693038556219,-1
0.077269213855346,-1
0.0772691262838198,-1
0.0772690410742135,-1
0.0772689581618398,-1
0.0772688774840526,-1
0.077268798980152,-1
0.077268722591296,-1
