Error,GradientNorm
0.0787238605999636,610627.681209825
0.00255951729232197,378.40122575813
0.000261165530604418,7.35797491143552
0.000253426713299798,0.256414335713806
0.000253277751748408,0.235945383981432
0.000253273974651106,0.00535062319853064
0.000253273875871432,0.0061214445430665
