Error,GradientNorm
0.20085992754238,727047.52850486
0.0427359413477333,427.525943936146
0.0213154594790622,6524.72029745723
0.0185945208672737,38.0232323488123
0.0180203307673379,1162.72819160808
0.0179037055151658,7.24158760371051
0.0178804926523352,235.529601567268
0.0178758923667981,1.4273896439497
0.0178749814267301,46.7492583580459
0.0178748010696193,0.282353445061535
0.0178747653615236,9.26043332376243
0.0178747582918614,0.0558903434833454
