Error,GradientNorm
0.257274080979072,602867.806950341
0.0263092132387921,295.231814769778
0.0104576914151834,1111.16195901384
0.0103547855376248,1.41367084210869
0.0103529701034714,20.1071353067183
0.0103529096274174,0.0404705641348104
0.0103529073749058,0.755160999990739
