Error,GradientNorm
0.0793605768135453,682745.815801583
0.0100519912814764,783.407215601392
0.00185279656702912,359.767709007017
0.00159722008736008,7.42160688263598
0.00157008335389357,46.6645081568111
0.0015662550543094,0.837279515250205
0.00156569967474029,6.75314907346447
0.00156561842490008,0.11983442726213
0.00156560647210218,0.992500496701529
0.0015656047060231,0.0175655681705602
0.00156560444414345,0.147052336571538
