Error,GradientNorm
0.076257677185491,598059.480833529
0.00754708504352534,1109.92596438261
0.000781091225633056,69.9410734996519
0.000182857630506251,3.40761256361926
0.00014602272028987,1.46654646206843
0.000144763661018998,0.0809855506803245
0.000144706964755173,0.0588944595592202
0.00014470412710692,0.00372317662990727
0.000144703981988334,0.00307986875536981
0.000144703974537444,0.000188326135550072
