Error,GradientNorm
0.0389202133994626,583051.375042119
0.00426091056803683,2039.80170527021
0.000262749877984519,30.0551625327151
7.42347745735667e-05,3.28847931244959
4.83133371394763e-05,0.768717347135688
4.63778083555717e-05,0.163259291481674
4.62203778547453e-05,0.0601373619266243
4.62065290488915e-05,0.0134852961705842
4.62052875139957e-05,0.00567373111999728
4.62051757866275e-05,0.00119787064695395
4.620516572476e-05,0.00051639694054413
