Error,GradientNorm
0.427923937815008,891757.458085803
0.214255665786632,2723.40387389955
0.111760597834623,55317.9515911378
0.0897797658060173,307.741058158739
0.0870215832090265,7257.82303333299
0.0865344955951548,45.6345143837895
0.0864204831781606,2021.64802427638
0.0863899638214011,10.7781506188168
0.0863812516329519,603.566473225753
0.0863786783232167,3.01324014888649
0.086377903341252,183.744242749179
0.0863776672599508,0.895373715233459
0.0863775948488446,56.5048411598775
