Error,GradientNorm
0.0518774993324115,551602.559102883
0.000121252579590223,21.7913056814722
1.41650762149137e-05,0.0444762905920713
1.39254228582932e-05,0.0213607168676294
1.3897964543438e-05,0.00268985623360271
1.38943622426379e-05,0.00273036909294705
1.38938871939552e-05,0.000353551806804735
1.38938245380249e-05,0.000359695314433603
1.38938162740327e-05,4.66313703787064e-05
