Error,GradientNorm
0.0398381081222788,597400.372992129
0.000393810413345008,245.942146217519
1.80897224153048e-05,0.134549212719438
1.77925605432313e-05,0.019248931436502
1.77894368938931e-05,0.00243147819704618
1.77893872254488e-05,0.000238341661555348
1.77893863277881e-05,4.12982398764361e-05
