Error,GradientNorm
0.11492364043581,656093.757356936
0.000582388024160207,59.6330943775224
6.15052002018687e-05,0.21966084594224
6.14936988349517e-05,0.00026082629984577
6.14936984046999e-05,2.44142572697677e-05
