Error,GradientNorm
0.100117899762381,408835.694319049
0.00804204489084645,347.602476732398
0.00163959242591201,106.568209199628
0.00156659775427715,1.93072992807095
0.00155862074762903,9.68148926842621
0.00155744827823023,0.257086171502101
0.00155727354185129,1.43718769977228
0.00155724746577131,0.0382323376320796
0.00155724357374223,0.21445206657267
0.00155724299281646,0.00570484707680942
