InputName,Opt_delta
in000001,0.0126053253188729
in000038,0.0127570945769548
in000075,0.0124522745609283
in000112,0.0125777740031481
in000149,0.0129661345854402
in000186,0.0125446282327175
