InputName,Opt_delta
in001341,0.0628169327974319
in001743,0.064299687743187
in002145,0.0645379200577736
in003351,0.0641626492142677
in003485,0.0659619495272636
in003619,0.0645107254385948
