Error,GradientNorm
0.748665768076053,-1
0.643088122667985,-1
0.603922523965466,-1
0.574600821202087,-1
0.555339208520544,-1
0.544699949830431,-1
0.539421914288224,-1
0.536939612352552,-1
0.535799209878843,-1
0.535280173094085,-1
0.535044724784141,-1
0.534938018431361,-1
0.534889661997864,-1
0.534867744292597,-1
0.534857807990475,-1
0.534853302656928,-1
0.534851259597095,-1
0.534850333044316,-1
0.534849912819353,-1
