Error,GradientNorm
0.0486014888061802,-1
0.00196636806057667,-1
0.000142431701669229,-1
0.000129627281833306,-1
0.000127407142559304,-1
0.00012659130082173,-1
0.000126277750650371,-1
0.000126157785669752,-1
0.000126112037311222,-1
0.00012609461522486,-1
0.000126087984008184,-1
0.000126085460540736,-1
0.00012608450032583,-1
0.000126084134961338,-1
0.000126083995940681,-1
0.000126083943043749,-1
