Error,GradientNorm
0.0680444508370003,-1
0.00359340751613128,-1
0.000249653604938726,-1
0.000222813417828482,-1
0.000222020204911537,-1
0.000221992550274482,-1
0.000221991568889464,-1
0.000221991533805852,-1
