Error,GradientNorm
0.640390904194866,-1
0.248054575100894,-1
0.110783545171215,-1
0.0404752623930936,-1
0.0333947297310654,-1
0.032990740610008,-1
0.032963176700709,-1
0.0329610330100086,-1
0.0329608581686098,-1
0.0329608436825583,-1
