Error,GradientNorm
0.141306532519566,-1
0.00961400386709373,-1
0.00159026145437303,-1
0.00156397716326385,-1
0.0015636453369325,-1
0.00156363726875449,-1
0.00156363697109453,-1
