Error,GradientNorm
0.821339665321703,-1
0.632097658363573,-1
0.546775791280237,-1
0.515998003069925,-1
0.506073359330144,-1
0.502647995213075,-1
0.501385290454984,-1
0.500901579301163,-1
0.500712405047852,-1
0.500637563674637,-1
0.500607753063398,-1
0.500595828961609,-1
0.500591046538643,-1
0.500589125078812,-1
0.500588352192098,-1
0.500588041069026,-1
