Error,GradientNorm
0.164625472490682,-1
0.00042660965108064,-1
0.000123830482715449,-1
0.000123828346640024,-1
0.000123828346541703,-1
