Error,GradientNorm
0.0619191268864186,-1
0.00227744236122633,-1
0.000333346683904175,-1
0.000319159501616992,-1
0.000318581859394191,-1
0.000318522409675866,-1
0.000318512563372681,-1
0.000318510731127008,-1
0.00031851038304529,-1
0.000318510316688374,-1
