Error,GradientNorm
0.091214470753096,-1
0.00140836469774891,-1
0.000204246524916378,-1
0.000203807350544787,-1
0.000203806822112208,-1
0.000203806820489115,-1
