Error,GradientNorm
0.410726670264841,-1
0.168448182822537,-1
0.107871037325766,-1
0.0905402976881989,-1
0.0798673373272625,-1
0.0731930127921858,-1
0.0699733244308761,-1
0.0686480918812882,-1
0.0681104902785553,-1
0.067877120072699,-1
0.0677648078840968,-1
0.0677045519601974,-1
0.067669034915743,-1
0.0676465654573066,-1
0.0676316452990144,-1
0.0676214202301075,-1
0.067614268617311,-1
0.0676091994522157,-1
0.0676055737939917,-1
0.0676029640929433,-1
0.0676010769399233,-1
0.0675997074836879,-1
0.0675987109752071,-1
0.0675979842492369,-1
0.0675974533079066,-1
0.0675970648162483,-1
0.0675967801865898,-1
0.0675965714165569,-1
0.0675964181355267,-1
0.0675963054946911,-1
0.0675962226518989,-1
0.0675961616790864,-1
