Error,GradientNorm
0.599199288534318,-1
0.372922802848174,-1
0.337867587583729,-1
0.330250520395658,-1
0.327887839797842,-1
0.326872681667671,-1
0.326349209493312,-1
0.326055709775124,-1
0.32588467917393,-1
0.325783082666359,-1
0.325722105816339,-1
0.325685292316736,-1
0.325662988309747,-1
0.325649444852161,-1
0.325641208577647,-1
0.325636194323241,-1
0.325633139037808,-1
0.325631276070573,-1
0.325630139415627,-1
0.325629445514708,-1
0.325629021681913,-1
0.325628762677572,-1
