Error,GradientNorm
0.481635692161393,-1
0.275918124325363,-1
0.262622194338023,-1
0.258838905363289,-1
0.256812234890369,-1
0.255638745660415,-1
0.25495039028513,-1
0.25454636762372,-1
0.25430965949161,-1
0.25417121651048,-1
0.254090338930346,-1
0.254043118762384,-1
0.25401555259855,-1
0.253999454643873,-1
0.253990045803388,-1
0.253984537993538,-1
0.253981305368862,-1
0.25397940005149,-1
0.253978269479156,-1
0.253977591539883,-1
0.253977178446114,-1
0.2539769207002,-1
0.253976754434342,-1
