Error,GradientNorm
0.399045400424623,-1
0.128408864990198,-1
0.0552543083811926,-1
0.04572172591124,-1
0.0449412430545179,-1
0.0448778625964839,-1
0.0448725645058204,-1
0.0448721147284929,-1
0.0448720762368066,-1
