Error,GradientNorm
0.0436812111232506,-1
0.00121221227166389,-1
0.00010703647830614,-1
9.45002892359734e-05,-1
9.23171377842281e-05,-1
9.18914648247853e-05,-1
9.18087466303316e-05,-1
9.17927078831739e-05,-1
9.17895996311163e-05,-1
9.17889973101761e-05,-1
9.17888805914922e-05,-1
9.17888579733588e-05,-1
