Error,GradientNorm
0.306309612262166,-1
0.0323087584042211,-1
0.00790258438371308,-1
0.00758932156087204,-1
0.00757025452440837,-1
0.00756718505781355,-1
0.00756643076642596,-1
0.00756621195064277,-1
0.00756614511405367,-1
0.00756612440127129,-1
0.00756611795699362,-1
