Error,GradientNorm
0.18770036029382,-1
0.0874296172509255,-1
0.0564239727351793,-1
0.0423539524286429,-1
0.0398211686141299,-1
0.0394829007292072,-1
0.0394376133467223,-1
0.0394313197661686,-1
0.0394304197046808,-1
0.039430288503397,-1
0.0394302691248282,-1
