Error,GradientNorm
0.511428389801242,-1
0.204838225811732,-1
0.166636290216906,-1
0.161523108015076,-1
0.160317458173383,-1
0.159777804424445,-1
0.159474303590383,-1
0.159295720524475,-1
0.159189848565506,-1
0.15912701453184,-1
0.159089720855824,-1
0.159067587638654,-1
0.159054452706963,-1
0.159046658063172,-1
0.159042032561846,-1
0.159039287694386,-1
0.159037658819668,-1
0.159036692190499,-1
0.159036118550794,-1
0.159035778122098,-1
0.159035576089735,-1
0.159035456188547,-1
