Error,GradientNorm
0.562351063131399,-1
0.30727046716301,-1
0.096329386122318,-1
0.0915342742266916,-1
0.0913700608802341,-1
0.0912886973383337,-1
0.0911882224414548,-1
0.0910556492893433,-1
0.090881348057827,-1
0.090654482296986,-1
0.0903631408642627,-1
0.0899953942340462,-1
0.0895411705253525,-1
0.0889949288013799,-1
0.0883587366760872,-1
0.0876448309818367,-1
0.086876373885266,-1
0.0860853647119022,-1
0.0853077339917137,-1
0.0845770581929783,-1
0.0839191102293946,-1
0.0833489837505552,-1
0.0828711840569931,-1
0.082481848526047,-1
0.0821717984048203,-1
0.0819293737757408,-1
0.081742529497575,-1
0.0816001123802259,-1
0.0814924747701325,-1
0.0814116432849874,-1
0.0813512340576773,-1
0.0813062498568289,-1
0.0812728418989174,-1
0.0812480806281628,-1
0.0812297552403426,-1
0.0812162077885955,-1
0.0812062006425788,-1
0.0811988130497747,-1
0.0811933617035106,-1
0.0811893404358772,-1
0.0811863748007201,-1
0.0811841880694313,-1
0.0811825758791276,-1
0.0811813873897497,-1
0.0811805113104357,-1
0.0811798655539373,-1
0.0811793895863632,-1
0.0811790387750569,-1
0.0811787802154481,-1
0.0811785896513586,-1
0.0811784492030559,-1
0.0811783456916334,-1
0.0811782694034331,-1
