Error,GradientNorm
0.072617877873429,-1
0.00163987101715155,-1
0.00013567882307731,-1
0.000130717218838722,-1
0.000130578096738995,-1
0.000130561752647982,-1
0.000130559446692281,-1
0.000130559118144754,-1
0.000130559071311289,-1
