Error,GradientNorm
0.824106579352055,-1
0.713281200583757,-1
0.669463515829668,-1
0.645153309799233,-1
0.630630979030098,-1
0.621522923439926,-1
0.615623565629878,-1
0.611689108221812,-1
0.60897775486379,-1
0.607043769297025,-1
0.605617534142959,-1
0.604533522120036,-1
0.603688006265386,-1
0.603014305203553,-1
0.602468197290798,-1
0.602019299938289,-1
0.601645977829461,-1
0.601332325408403,-1
0.60106634996121,-1
0.60083884126783,-1
0.600642635113795,-1
0.600472108675795,-1
0.600322819143766,-1
0.60019123629555,-1
0.600074540311699,-1
0.599970466910533,-1
0.599877187786097,-1
0.599793217815952,-1
0.599717342756478,-1
0.599648562711766,-1
0.599586047808028,-1
0.599529103360717,-1
0.599477142463542,-1
0.599429664409628,-1
0.599386237714982,-1
0.599346486783734,-1
0.599310081457589,-1
0.599276728846558,-1
0.599246166957909,-1
0.599218159734907,-1
0.599192493193003,-1
0.599168972403117,-1
0.599147419122712,-1
0.5991276699174,-1
0.599109574650445,-1
0.599092995245828,-1
0.599077804653335,-1
0.599063885962408,-1
0.599051131625741,-1
0.599039442764669,-1
0.599028728536714,-1
0.599018905551859,-1
0.599009897328557,-1
0.599001633783667,-1
0.598994050752622,-1
0.598987089537536,-1
0.598980696481846,-1
0.598974822570538,-1
0.598969423055273,-1
0.598964457103785,-1
0.598959887472908,-1
0.598955680204525,-1
0.598951804343611,-1
0.598948231677492,-1
0.598944936495319,-1
0.598941895366721,-1
0.598939086938539,-1
0.598936491748541,-1
0.598934092054988,-1
0.598931871680953,-1
0.598929815872319,-1
0.598927911168397,-1
0.59892614528418,-1
0.598924507003275,-1
0.59892298608063,-1
0.598921573154192,-1
0.598920259664748,-1
0.598919037783193,-1
0.598917900344571,-1
0.598916840788268,-1
0.59891585310378,-1
0.598914931781555,-1
0.598914071768414,-1
0.59891326842713,-1
0.598912517499775,-1
0.598911815074465,-1
0.598911157555184,-1
0.598910541634403,-1
0.598909964268207,-1
