Error,GradientNorm
0.397038670028575,-1
0.173703057737635,-1
0.102516678689074,-1
0.0845075333468469,-1
0.0786662198911818,-1
0.0759614260704587,-1
0.0744594222396126,-1
0.0735861602786939,-1
0.0730753442598007,-1
0.0727738888542536,-1
0.0725924116825322,-1
0.0724800571085396,-1
0.072408251363899,-1
0.072360850503175,-1
0.0723285685193644,-1
0.0723059316324484,-1
0.0722896245412291,-1
0.0722775835963695,-1
0.0722684900430469,-1
0.0722614801299536,-1
0.0722559750684746,-1
0.0722515787608907,-1
0.0722480147884953,-1
0.0722450867010839,-1
0.0722426524630276,-1
0.0722406076916376,-1
0.0722388744690074,-1
0.0722373937539057,-1
0.0722361201592585,-1
0.0722350183085394,-1
0.0722340602611302,-1
0.0722332236709244,-1
0.072232490453994,-1
0.0722318458136715,-1
0.0722312775192512,-1
0.0722307753664803,-1
0.0722303307696335,-1
0.072229936449738,-1
0.072229586193723,-1
0.0722292746663719,-1
0.0722289972619578,-1
0.0722287499859821,-1
0.0722285293599627,-1
0.0722283323440427,-1
0.0722281562735052,-1
0.0722279988062435,-1
0.0722278578789437,-1
0.0722277316702601,-1
0.072227618569653,-1
0.0722275171508528,-1
0.0722274261491342,-1
0.0722273444417546,-1
0.0722272710310382,-1
0.0722272050296891,-1
