Error,GradientNorm
0.083014038531512,595957.199666059
0.00244762119331661,305.526600900771
0.000275271295255985,7.51448115776315
0.00026256355482097,0.591139564366068
0.000260526680989683,0.830917560587469
0.000260189676955262,0.0950282810359336
0.000260133775724571,0.137303822099474
0.00026012441309807,0.0158063865937749
0.000260122825469861,0.0231841574131284
0.000260122552389085,0.00268886922824917
0.000260122504670323,0.00402979685928828
