Error,GradientNorm
0.0742557836330729,595159.986147381
0.00863286730356005,1111.83385238469
0.00110923132768237,168.873824074668
0.000780868534438273,7.56230735358515
0.00074994867314642,21.0988953746234
0.000747086187182518,0.581755718215749
0.00074679267390761,2.0606334201718
0.000746759606906374,0.0584301695788101
0.000746755621116745,0.243535092650689
0.000746755119229897,0.00674460803596587
