Error,GradientNorm
0.0737100610133771,650678.826602917
0.00750455299727211,6500.44992693428
0.000146527314385096,3.06413863110107
0.000137642672322057,0.274846891470388
0.000137635667757574,0.0265647081055542
0.000137635658642425,0.000211759175595017
