Error,GradientNorm
0.0646143512027269,661428.031809285
0.00793256088372014,1511.798187949
0.000755051318847113,93.9730113860689
0.000521056618630626,5.45903572347427
0.000506895954895811,9.63467985468955
0.000505366516517822,0.358654780480151
0.000505146230394114,1.2198200320134
0.000505109059720718,0.0543136344202975
0.000505102164763044,0.217630982186287
0.000505100817566958,0.0102106440886164
0.000505100547353411,0.0432585363545032
