Error,GradientNorm
0.105885894273035,547389.061366747
0.0055483389377872,375.161909267793
0.000923521182522932,51.119034268685
0.00079634506936219,2.67038999664411
0.000786532776521487,5.67855060205938
0.000785650317707926,0.217484771529071
0.000785533009340014,0.634580467408152
0.000785507295271004,0.040820442470927
0.000785499687996648,0.165127413407574
0.000785497195303661,0.0128843390006619
0.00078549635591303,0.0550466113982858
0.000785496071317084,0.00434627107743479
