Error,GradientNorm
0.053233219674982,622405.198941798
0.000596317738463079,479.812068484401
1.63142129195276e-05,0.0634074162931451
1.62290596201961e-05,0.0041325310525903
1.62288575414566e-05,0.000313125624272425
1.62288567987158e-05,1.10837872118297e-05
